order_id,item_id,order_type,site
1,550,real,F9
2,830,real,F18
2,550,real,F18
2,620,real,F18
2,850,real,F18
3,960,real,F17
3,870,real,F17
4,600,real,F17
4,900,real,F17
5,780,real,F20
5,1060,real,F20
5,1000,real,F20
5,830,real,F20
6,730,real,F13
6,580,real,F13
6,290,real,F13
6,440,real,F13
7,720,real,F12
8,530,real,F9
8,350,real,F9
9,980,real,F18
10,1000,real,F20
10,370,real,F20
10,300,real,F20
10,850,real,F20
10,580,real,F20
11,430,real,F20
11,320,real,F20
11,830,real,F20
11,690,real,F19
11,730,real,F20
12,240,real,F18
12,840,real,F18
12,210,real,F18
13,1020,real,F19
14,830,real,F15
14,810,real,F15
14,320,real,F15
14,410,real,F15
14,440,real,F15
15,510,real,F18
15,900,real,F18
15,800,real,F18
15,810,real,F18
16,620,real,F20
16,450,real,F20
16,840,real,F20
16,990,real,F20
16,1090,real,F20
17,410,real,F14
17,650,real,F14
17,530,real,F14
17,220,real,F14
17,250,real,F14
18,1090,real,F20
18,1070,real,F20
19,490,real,F7
19,410,real,F7
20,670,real,F13
20,360,real,F13
21,670,real,F17
21,1000,real,F17
21,650,real,F17
22,540,real,F20
22,1000,real,F20
22,490,real,F20
22,670,real,F20
22,580,real,F18
23,970,real,F20
23,660,real,F20
23,690,real,F20
24,310,real,F20
24,1020,real,F20
24,860,real,F20
24,150,real,F20
24,970,real,F20
25,720,real,F20
25,940,real,F20
25,960,real,F20
25,120,real,F20
25,600,real,F20
26,160,real,F6
26,100,real,F6
27,550,real,F8
27,440,real,F8
28,990,real,F17
28,550,real,F17
28,880,real,F17
28,390,real,F17
28,310,real,F17
29,550,real,F20
29,360,real,F20
29,1000,real,F20
30,710,real,F18
31,1000,real,F20
31,550,real,F20
32,820,real,F17
33,490,real,F15
33,100,real,F15
33,820,real,F15
34,730,real,F20
34,400,real,F20
34,1040,real,F20
34,510,real,F20
34,580,real,F20
35,370,real,F18
35,250,real,F17
35,790,real,F17
35,400,real,F17
36,700,real,F13
37,180,real,F8
37,460,real,F8
37,200,real,F8
38,770,real,F13
38,500,real,F13
39,670,real,F20
40,770,real,F14
41,260,real,F20
41,950,real,F20
42,1070,real,F20
42,560,real,F20
42,890,real,F20
42,710,real,F20
42,270,real,F20
43,110,real,F5
43,400,real,F5
44,570,real,F20
45,120,real,F16
45,940,real,F16
45,100,real,F16
45,440,real,F16
46,550,real,F20
46,960,real,F20
46,320,real,F20
46,650,real,F20
47,760,real,F13
47,260,real,F13
48,1020,real,F20
48,500,real,F20
48,750,real,F20
49,190,real,F20
49,740,real,F20
49,1060,real,F20
49,550,real,F20
49,230,real,F20
50,690,real,F20
51,1070,real,F20
51,930,real,F20
51,970,real,F20
51,800,real,F20
52,430,real,F11
53,960,real,F20
53,540,real,F20
54,550,real,F10
55,900,real,F20
55,780,real,F20
55,130,real,F20
55,1030,real,F20
56,890,real,F20
56,380,real,F20
56,950,real,F20
57,750,real,F20
57,110,real,F16
57,430,real,F20
57,450,real,F20
57,940,real,F20
58,590,real,F20
58,880,real,F20
58,370,real,F20
58,1010,real,F20
58,1030,real,F20
59,720,real,F14
59,140,real,F14
60,1000,real,F18
61,510,real,F13
62,250,real,F19
62,880,real,F19
63,940,real,F20
63,280,real,F20
63,240,real,F20
63,630,real,F20
63,1000,real,F20
64,790,real,F19
64,210,real,F19
64,930,real,F19
64,360,real,F19
65,950,real,F20
65,760,real,F20
65,390,real,F20
65,820,real,F20
66,710,real,F20
66,1020,real,F20
66,450,real,F20
66,600,real,F20
66,130,real,F20
67,970,real,F20
67,910,real,F20
67,1030,real,F20
68,430,real,F20
68,1000,real,F20
68,660,real,F20
68,550,real,F20
68,1070,real,F20
69,230,real,F10
70,1080,real,F20
71,460,real,F14
71,400,real,F14
71,790,real,F14
72,650,real,F16
72,730,real,F16
72,890,real,F16
72,920,real,F16
73,510,real,F8
73,260,real,F8
74,260,real,F20
74,1060,real,F20
74,740,real,F20
75,320,real,F17
75,910,real,F17
75,310,real,F17
76,240,real,F3
77,760,real,F13
78,930,real,F19
78,310,real,F19
78,960,real,F19
78,450,real,F19
79,260,real,F16
79,750,real,F16
79,310,real,F16
79,920,real,F20
79,880,real,F16
80,480,real,F20
80,610,real,F20
80,510,real,F20
80,910,real,F20
80,970,real,F20
81,130,real,F17
81,830,real,F17
81,600,real,F17
81,880,real,F17
82,920,real,F20
82,1060,real,F20
83,950,real,F20
83,470,real,F20
83,200,real,F20
83,450,real,F20
83,690,real,F20
84,1040,real,F20
84,340,real,F20
84,730,real,F20
85,450,real,F19
85,1020,real,F19
86,100,real,F13
86,720,real,F13
86,770,real,F13
86,740,real,F13
86,480,real,F13
87,430,real,F11
88,1050,real,F20
88,740,real,F20
88,920,real,F20
88,610,real,F20
89,830,real,F20
89,870,real,F20
89,150,real,F20
89,730,real,F20
90,730,real,F20
91,1030,real,F20
91,130,real,F20
91,360,real,F20
92,610,real,F11
93,520,real,F18
93,450,real,F18
93,400,real,F18
93,600,real,F18
93,1010,real,F18
94,630,real,F10
94,280,real,F10
95,930,real,F16
95,800,real,F16
95,130,real,F16
96,250,real,F20
96,130,real,F20
96,1040,real,F20
96,170,real,F20
97,340,real,F20
97,720,real,F20
97,930,real,F20
97,620,real,F20
97,280,real,F20
98,1060,real,F20
99,420,real,F6
100,590,real,F19
100,830,real,F19
101,170,real,F20
101,310,real,F20
101,180,real,F20
101,1020,real,F20
102,120,real,F3
102,170,real,F3
103,440,real,F12
104,1090,real,F20
104,1020,real,F20
104,600,real,F20
104,1030,real,F20
105,310,real,F6
106,250,real,F15
106,460,real,F15
107,680,real,F12
107,480,real,F12
108,630,real,F20
108,450,real,F20
108,1000,real,F20
108,950,real,F20
108,850,real,F20
109,990,real,F18
109,680,real,F18
109,830,real,F18
110,530,real,F12
110,730,real,F12
111,650,real,F12
112,260,real,F14
112,100,real,F14
112,760,real,F14
112,230,real,F14
112,190,real,F20
113,420,real,F17
113,400,real,F17
113,770,real,F17
113,1000,real,F17
114,830,real,F20
114,460,real,F20
114,910,real,F20
114,730,real,F20
114,440,real,F20
115,100,real,F20
115,1050,real,F20
116,850,real,F20
116,780,real,F20
116,670,real,F20
117,1060,real,F20
117,1010,real,F20
117,170,real,F20
117,760,real,F20
118,380,real,F20
118,200,real,F20
118,1080,real,F20
118,700,real,F20
118,210,real,F20
119,830,real,F20
119,610,real,F20
119,770,real,F20
120,270,real,F7
121,570,real,F20
121,940,real,F20
121,1050,real,F20
121,860,real,F20
121,800,real,F20
122,650,real,F20
122,640,real,F20
122,560,real,F20
122,1070,real,F20
122,290,real,F20
123,850,real,F20
123,380,real,F20
123,170,real,F20
124,960,real,F20
124,1060,real,F20
125,550,real,F9
126,830,real,F20
126,980,real,F20
126,1030,real,F20
126,550,real,F20
127,280,real,F6
128,970,real,F20
129,350,real,F8
129,260,real,F8
130,850,real,F2
131,620,real,F14
132,780,real,F14
133,470,real,F20
133,1010,real,F20
133,290,real,F20
133,580,real,F20
133,980,real,F20
134,1080,real,F20
134,720,real,F20
134,140,real,F20
135,470,real,F6
135,160,real,F6
135,300,real,F6
136,870,real,F20
137,490,real,F11
137,360,real,F11
137,390,real,F11
138,800,real,F19
139,200,real,F7
140,930,real,F18
141,270,real,F19
141,1020,real,F19
141,760,real,F19
141,430,real,F19
141,700,real,F19
142,820,real,F15
143,930,real,F19
143,340,real,F19
143,610,real,F19
143,730,real,F19
143,850,real,F19
144,930,real,F20
144,850,real,F20
145,1040,real,F20
145,470,real,F20
145,820,real,F20
145,870,real,F20
146,1010,real,F18
147,820,real,F20
147,710,real,F20
147,210,real,F20
147,830,real,F20
148,320,real,F20
148,820,real,F20
148,710,real,F20
148,940,real,F20
149,610,real,F14
149,600,real,F12
149,230,real,F14
149,650,real,F14
149,120,real,F14
150,260,real,F10
150,310,real,F10
150,640,real,F10
151,450,real,F20
151,1080,real,F20
151,660,real,F20
152,410,real,F16
152,120,real,F16
152,710,real,F16
153,140,real,F8
154,260,real,F18
154,760,real,F18
154,1000,real,F18
155,390,real,F20
155,790,real,F20
156,830,real,F20
156,120,real,F20
157,150,real,F20
157,190,real,F20
157,940,real,F20
157,670,real,F20
158,380,real,F9
159,230,real,F17
159,210,real,F17
159,670,real,F17
159,870,real,F17
160,460,real,F20
160,1060,real,F20
160,800,real,F20
160,550,real,F20
161,460,real,F18
161,100,real,F18
161,360,real,F18
161,590,real,F18
161,890,real,F18
162,840,real,F19
163,610,real,F2
163,400,real,F2
163,570,real,F2
163,620,real,F2
163,410,real,F2
164,920,real,F20
165,900,real,F20
165,500,real,F20
165,1060,real,F20
165,960,real,F20
165,130,real,F20
166,940,real,F20
167,930,real,F20
167,660,real,F20
168,240,real,F11
168,290,real,F11
168,200,real,F11
168,620,real,F11
169,700,real,F18
169,750,real,F18
170,400,real,F9
171,750,real,F20
171,700,real,F20
171,290,real,F20
171,680,real,F20
171,880,real,F20
172,1030,real,F20
172,430,real,F20
172,1050,real,F20
173,110,real,F20
173,550,real,F20
173,160,real,F20
173,1030,real,F20
174,310,real,F19
174,920,real,F19
175,240,real,F16
175,180,real,F16
175,960,real,F16
176,380,real,F8
176,320,real,F8
177,150,real,F18
177,160,real,F18
178,720,real,F20
178,340,real,F20
178,1030,real,F20
179,380,real,F20
179,1050,real,F20
179,920,real,F20
179,620,real,F20
180,750,real,F15
180,780,real,F15
180,240,real,F15
180,730,real,F15
181,1020,real,F20
181,970,real,F20
181,850,real,F20
182,390,real,F16
182,860,real,F16
182,960,real,F16
182,350,real,F16
182,490,real,F16
183,1050,real,F20
184,380,real,F8
184,140,real,F8
184,560,real,F8
185,1000,real,F18
185,160,real,F18
185,470,real,F18
185,140,real,F18
185,260,real,F19
186,160,real,F17
186,950,real,F17
186,510,real,F17
186,350,real,F17
187,620,real,F12
187,330,real,F12
188,1030,real,F20
188,380,real,F20
188,630,real,F20
189,640,real,F16
190,350,real,F20
190,770,real,F20
190,580,real,F20
190,620,real,F20
190,590,real,F20
191,950,real,F20
191,640,real,F20
192,810,real,F15
193,830,real,F19
194,760,real,F20
195,860,real,F15
196,460,real,F20
196,700,real,F20
197,510,real,F12
197,320,real,F12
198,700,real,F20
198,840,real,F20
198,360,real,F20
198,1030,real,F20
198,500,real,F20
199,390,real,F20
199,1020,real,F20
199,310,real,F20
199,1000,real,F20
199,290,real,F20
200,1020,real,F20
200,700,real,F20
201,720,real,F19
201,830,real,F19
202,1070,real,F20
202,950,real,F20
202,570,real,F20
203,390,real,F20
203,360,real,F20
203,1040,real,F20
203,210,real,F20
204,180,real,F10
205,110,real,F20
205,670,real,F20
205,770,real,F20
205,1030,real,F20
205,880,real,F20
206,890,real,F19
207,700,real,F12
207,440,real,F12
208,660,real,F20
208,1080,real,F20
208,720,real,F20
208,610,real,F20
208,580,real,F20
209,1050,real,F20
210,320,real,F15
210,480,real,F15
210,860,real,F20
211,150,real,F14
211,450,real,F14
212,600,real,F13
212,230,real,F13
212,700,real,F13
212,340,real,F13
212,550,real,F13
213,590,real,F20
213,1090,real,F20
213,500,real,F20
213,980,real,F20
214,500,real,F10
215,690,real,F13
215,700,real,F13
215,430,real,F13
216,160,real,F20
216,610,real,F20
216,350,real,F20
216,950,real,F20
217,350,real,F16
217,960,real,F16
217,280,real,F16
217,850,real,F16
217,370,real,F16
218,320,real,F14
218,380,real,F14
218,750,real,F14
218,130,real,F14
219,300,real,F20
219,830,real,F20
219,620,real,F20
219,350,real,F20
220,930,real,F17
221,1060,real,F20
222,660,real,F17
222,350,real,F17
222,780,real,F17
222,190,real,F17
223,1070,real,F20
223,540,real,F20
223,1010,real,F20
223,980,real,F20
223,990,real,F20
224,730,real,F18
224,760,real,F18
224,410,real,F18
224,120,real,F18
225,970,real,F20
225,720,real,F20
225,510,real,F20
226,890,real,F20
226,180,real,F20
226,170,real,F20
227,170,real,F12
227,580,real,F12
228,220,real,F20
228,910,real,F20
229,880,real,F20
229,600,real,F20
229,1010,real,F20
230,830,real,F19
230,1030,real,F19
230,430,real,F19
231,190,real,F17
231,550,real,F17
231,820,real,F17
231,310,real,F17
231,610,real,F17
232,390,real,F20
232,650,real,F20
232,380,real,F20
232,430,real,F20
232,1050,real,F20
233,170,real,F13
233,770,real,F13
234,250,real,F20
234,1010,real,F20
234,1040,real,F20
234,710,real,F20
234,470,real,F20
235,360,real,F20
235,620,real,F20
235,990,real,F20
235,1090,real,F20
235,850,real,F20
236,490,real,F9
236,360,real,F9
236,170,real,F9
237,130,real,F4
238,170,real,F19
238,500,real,F19
238,1020,real,F19
239,1040,real,F20
239,800,real,F20
239,250,real,F20
239,1080,real,F20
239,400,real,F20
240,490,real,F15
240,890,real,F15
240,100,real,F15
240,530,real,F15
241,930,real,F20
241,890,real,F20
241,920,real,F20
242,120,real,F20
242,200,real,F20
242,540,real,F20
242,560,real,F20
242,1060,real,F20
243,490,real,F20
243,220,real,F20
243,650,real,F20
243,800,real,F20
243,990,real,F20
244,690,real,F12
244,680,real,F12
245,470,real,F20
245,960,real,F20
245,600,real,F20
245,100,real,F20
246,620,real,F19
246,930,real,F19
247,1080,real,F20
248,780,real,F20
249,650,real,F11
249,570,real,F11
249,410,real,F11
249,590,real,F11
249,130,real,F11
250,350,real,F20
250,1070,real,F20
251,320,real,F19
251,440,real,F19
251,1040,real,F19
251,290,real,F19
252,640,real,F11
252,320,real,F11
253,920,real,F19
253,1050,real,F19
253,780,real,F19
253,790,real,F19
253,150,real,F19
254,490,real,F10
254,390,real,F10
254,560,real,F10
255,1060,real,F20
255,1020,real,F20
255,210,real,F20
255,1080,real,F20
255,340,real,F20
256,250,real,F20
256,1010,real,F20
256,680,real,F20
256,220,real,F20
256,590,real,F20
257,800,real,F15
257,460,real,F15
258,250,real,F3
259,450,real,F16
259,950,real,F16
259,110,real,F16
260,1040,real,F20
260,1030,real,F20
260,330,real,F20
261,690,real,F13
262,510,real,F19
262,820,real,F19
262,610,real,F19
263,200,real,F10
263,170,real,F10
263,370,real,F10
264,490,real,F18
264,470,real,F18
264,350,real,F18
264,110,real,F18
265,160,real,F12
265,400,real,F12
265,410,real,F12
265,420,real,F12
266,850,real,F16
267,590,real,F10
267,310,real,F10
268,390,real,F12
268,720,real,F12
268,590,real,F12
268,710,real,F12
269,140,real,F4
270,520,real,F12
270,180,real,F12
271,500,real,F20
271,950,real,F17
272,490,real,F20
272,320,real,F20
272,920,real,F20
273,1020,real,F20
273,280,real,F20
274,330,real,F6
275,320,real,F20
275,940,real,F20
276,210,real,F20
276,970,real,F20
276,790,real,F20
276,1030,real,F20
276,770,real,F20
277,1070,real,F20
277,810,real,F20
277,980,real,F20
277,140,real,F20
278,820,real,F19
278,1050,real,F19
278,860,real,F19
279,1040,real,F20
279,730,real,F20
279,640,real,F20
280,480,real,F14
280,730,real,F14
280,440,real,F14
280,310,real,F14
280,330,real,F14
281,470,real,F16
281,500,real,F16
281,100,real,F16
281,900,real,F16
282,620,real,F19
282,680,real,F19
282,360,real,F19
282,1050,real,F19
283,550,real,F14
284,460,real,F20
284,1070,real,F20
285,190,real,F20
285,990,real,F20
285,860,real,F20
286,650,real,F11
286,160,real,F11
287,270,real,F20
287,660,real,F20
287,190,real,F20
287,1000,real,F20
287,130,real,F20
288,830,real,F15
289,260,real,F7
290,1090,real,F20
290,870,real,F20
290,630,real,F20
290,210,real,F20
290,980,real,F20
291,1000,real,F17
291,700,real,F17
291,240,real,F17
291,950,real,F17
291,500,real,F17
292,250,real,F20
292,1010,real,F20
293,500,real,F11
294,1010,real,F18
294,760,real,F18
294,730,real,F18
294,270,real,F18
294,470,real,F18
295,630,real,F13
296,260,real,F4
297,720,real,F20
297,290,real,F20
297,1060,real,F20
297,610,real,F20
298,1020,real,F20
298,310,real,F20
299,770,real,F14
300,910,real,F18
300,840,real,F18
301,670,real,F12
301,650,real,F12
301,290,real,F12
302,150,real,F6
303,780,real,F18
303,250,real,F18
303,590,real,F18
303,810,real,F18
303,1000,real,F18
304,120,real,F19
304,790,real,F19
305,460,real,F9
306,110,real,F6
306,350,real,F6
306,200,real,F6
307,650,real,F20
307,380,real,F20
307,920,real,F20
308,660,real,F11
309,380,real,F14
309,790,real,F14
309,630,real,F14
310,240,real,F5
310,180,real,F5
311,750,real,F20
312,640,real,F15
312,590,real,F15
312,510,real,F15
312,790,real,F15
313,710,real,F17
313,860,real,F17
314,230,real,F20
314,900,real,F20
314,340,real,F20
314,1070,real,F20
314,980,real,F20
315,310,real,F18
315,530,real,F18
315,940,real,F18
315,970,real,F18
316,380,real,F10
316,510,real,F10
317,1040,real,F20
317,280,real,F20
318,320,real,F11
318,590,real,F11
318,190,real,F11
319,640,real,F20
319,940,real,F20
319,220,real,F20
319,810,real,F20
319,900,real,F20
320,970,real,F20
320,590,real,F20
321,720,real,F20
321,510,real,F20
321,210,real,F20
321,120,real,F20
321,880,real,F20
322,150,real,F15
322,790,real,F15
322,270,real,F15
323,610,real,F19
323,900,real,F19
323,760,real,F19
323,690,real,F19
324,420,real,F20
324,930,real,F20
325,480,real,F20
325,530,real,F20
325,990,real,F20
326,910,real,F17
326,1000,real,F17
326,300,real,F17
326,290,real,F17
326,970,real,F17
327,410,real,F20
327,580,real,F20
327,240,real,F20
327,780,real,F18
328,540,real,F16
328,260,real,F16
328,810,real,F16
328,750,real,F16
328,160,real,F16
329,500,real,F11
329,350,real,F11
329,650,real,F11
329,100,real,F11
330,560,real,F8
330,400,real,F8
331,690,real,F20
331,820,real,F20
332,440,real,F20
332,160,real,F20
332,480,real,F20
332,470,real,F20
332,860,real,F20
333,820,real,F20
333,860,real,F20
333,1060,real,F20
334,640,real,F11
335,420,real,F7
336,670,real,F15
336,890,real,F15
337,1040,real,F20
337,760,real,F20
337,140,real,F20
337,640,real,F20
337,770,real,F20
338,520,real,F15
339,120,real,F20
339,440,real,F20
339,940,real,F20
339,500,real,F19
340,280,real,F4
341,560,real,F13
341,730,real,F13
341,240,real,F13
342,680,real,F20
342,300,real,F20
342,720,real,F20
342,1020,real,F20
343,490,real,F13
343,120,real,F13
343,330,real,F13
343,740,real,F13
344,410,real,F20
344,540,real,F20
344,1070,real,F20
345,340,real,F7
346,200,real,F20
346,870,real,F20
346,670,real,F20
346,1070,real,F20
346,820,real,F20
347,860,real,F18
347,890,real,F18
347,620,real,F18
347,140,real,F18
347,850,real,F18
348,1030,real,F20
348,1070,real,F20
349,520,real,F19
349,990,real,F20
349,240,real,F20
350,1080,real,F20
350,160,real,F20
350,270,real,F20
351,780,real,F20
351,830,real,F20
351,190,real,F20
351,950,real,F20
352,680,real,F20
352,690,real,F20
352,1020,real,F20
352,390,real,F20
353,220,real,F14
353,780,real,F14
354,180,real,F15
354,360,real,F15
354,700,real,F15
355,920,real,F20
356,900,real,F20
356,880,real,F20
357,740,real,F20
357,1050,real,F20
357,890,real,F20
357,680,real,F20
357,790,real,F20
358,420,real,F11
358,530,real,F11
358,260,real,F11
358,370,real,F11
359,430,real,F20
359,920,real,F20
359,1030,real,F20
359,1060,real,F20
360,280,real,F16
360,290,real,F16
360,710,real,F16
360,800,real,F16
360,720,real,F16
361,390,real,F7
362,260,real,F13
362,770,real,F13
363,340,real,F20
363,590,real,F20
363,910,real,F20
363,1060,real,F20
363,140,real,F20
364,1000,real,F19
364,400,real,F19
364,660,real,F19
364,720,real,F19
365,220,real,F19
365,170,real,F19
365,910,real,F20
366,100,real,F4
367,840,real,F20
367,400,real,F17
368,410,real,F20
368,660,real,F20
368,280,real,F20
369,390,real,F20
369,1080,real,F20
369,400,real,F20
370,370,real,F14
370,660,real,F14
371,340,real,F20
371,450,real,F20
371,1000,real,F20
371,920,real,F20
371,990,real,F20
372,800,real,F20
372,870,real,F20
372,500,real,F20
372,520,real,F20
372,110,real,F20
373,160,real,F4
374,470,real,F14
374,640,real,F10
374,120,real,F10
374,480,real,F10
374,360,real,F10
375,300,real,F15
375,720,real,F15
375,850,real,F15
376,1050,real,F20
376,790,real,F20
377,730,real,F20
377,1070,real,F20
377,680,real,F20
378,760,real,F20
378,450,real,F20
378,250,real,F20
378,1050,real,F20
379,980,real,F20
379,860,real,F20
379,550,real,F20
379,230,real,F20
380,140,real,F10
380,380,real,F10
380,430,real,F10
380,130,real,F10
380,390,real,F10
381,860,real,F15
381,640,real,F15
382,950,real,F18
383,800,real,F15
383,780,real,F17
383,210,real,F17
383,500,real,F17
383,580,real,F17
384,180,real,F11
384,650,real,F11
385,840,real,F20
385,290,real,F20
385,820,real,F20
386,280,real,F20
386,830,real,F20
387,750,real,F20
387,570,real,F20
387,660,real,F20
387,1080,real,F20
388,1060,real,F20
388,820,real,F20
388,100,real,F20
388,210,real,F20
389,180,real,F6
389,260,real,F6
389,480,real,F6
389,360,real,F6
389,300,real,F6
390,160,real,F15
390,470,real,F15
390,820,real,F15
390,740,real,F15
391,110,real,F10
392,950,real,F20
392,210,real,F20
392,270,real,F20
392,960,real,F20
393,970,real,F17
393,470,real,F17
394,840,real,F15
394,370,real,F15
394,880,real,F15
395,280,real,F8
396,600,real,F13
397,100,real,F5
397,280,real,F5
398,410,real,F13
398,430,real,F13
398,580,real,F13
399,730,real,F14
399,380,real,F14
399,520,real,F14
399,780,real,F14
399,510,real,F14
400,320,real,F7
400,470,real,F7
401,220,real,F15
401,690,real,F15
402,270,real,F14
402,690,real,F14
402,750,real,F14
402,250,real,F14
402,110,real,F14
403,300,real,F8
403,340,real,F8
403,570,real,F8
403,370,real,F8
404,780,real,F20
404,520,real,F20
404,830,real,F20
404,130,real,F20
404,840,real,F20
405,420,real,F20
405,680,real,F20
405,1060,real,F20
405,770,real,F20
405,260,real,F20
406,200,real,F7
406,190,real,F7
407,170,real,F6
407,120,real,F6
407,430,real,F6
408,370,real,F13
408,310,real,F13
409,770,real,F20
410,800,real,F20
410,1090,real,F20
410,930,real,F20
411,1030,real,F20
411,830,real,F20
411,140,real,F20
412,910,real,F20
412,200,real,F20
412,600,real,F20
412,1020,real,F20
413,350,real,F15
413,820,real,F15
413,220,real,F15
413,580,real,F20
414,1050,real,F20
415,790,real,F19
415,910,real,F19
415,750,real,F19
416,410,real,F5
416,230,real,F5
417,920,real,F17
417,500,real,F17
417,720,real,F17
418,660,real,F15
418,820,real,F15
418,320,real,F15
418,470,real,F15
419,890,real,F18
419,520,real,F18
419,310,real,F18
419,920,real,F18
419,450,real,F18
420,930,real,F20
421,120,real,F19
421,990,real,F19
421,220,real,F19
421,170,real,F19
421,1020,real,F19
422,980,real,F20
423,680,real,F14
423,380,real,F14
424,610,real,F20
424,880,real,F20
424,240,real,F20
424,1090,real,F20
424,830,real,F20
425,620,real,F11
425,290,real,F11
426,330,real,F6
426,150,real,F6
427,710,real,F18
427,820,real,F18
427,730,real,F18
427,380,real,F18
427,310,real,F20
428,1040,real,F19
429,900,real,F20
429,130,real,F20
429,1090,real,F20
429,550,real,F20
430,510,real,F11
430,660,real,F11
430,380,real,F11
431,410,real,F20
431,320,real,F20
431,520,real,F20
431,950,real,F20
431,830,real,F20
432,950,real,F20
432,370,real,F20
432,1020,real,F20
432,720,real,F20
432,210,real,F20
433,660,real,F20
433,870,real,F20
433,460,real,F20
433,610,real,F20
433,580,real,F20
434,930,real,F16
434,760,real,F16
434,450,real,F16
435,380,real,F20
435,950,real,F20
435,160,real,F20
436,400,real,F20
436,800,real,F20
436,350,real,F20
437,1060,real,F20
437,860,real,F20
438,570,real,F18
439,1040,real,F20
439,380,real,F20
440,250,real,F10
441,250,real,F19
442,360,real,F20
442,800,real,F20
442,1080,real,F20
442,1000,real,F20
442,700,real,F20
443,340,real,F20
443,520,real,F20
443,1030,real,F20
443,850,real,F20
443,320,real,F20
444,480,real,F10
445,330,real,F20
445,710,real,F15
445,420,real,F15
445,580,real,F15
445,810,real,F15
446,870,real,F17
446,210,real,F17
446,570,real,F17
446,110,real,F17
447,270,real,F20
447,850,real,F20
447,880,real,F20
447,1090,real,F20
447,1040,real,F20
448,1010,real,F20
448,660,real,F20
448,220,real,F20
448,880,real,F20
449,1020,real,F20
449,240,real,F20
449,340,real,F20
450,100,real,F3
451,170,real,F20
451,430,real,F20
451,890,real,F20
451,710,real,F20
452,420,real,F5
452,400,real,F5
452,410,real,F5
452,340,real,F5
453,1020,real,F20
453,410,real,F20
454,430,real,F20
454,950,real,F20
454,630,real,F20
454,360,real,F20
455,400,real,F10
455,480,real,F10
456,770,real,F18
456,100,real,F18
456,940,real,F18
456,830,real,F18
456,490,real,F18
457,320,real,F17
457,810,real,F17
457,730,real,F17
457,230,real,F17
457,710,real,F17
458,320,real,F14
458,730,real,F14
458,520,real,F14
458,220,real,F14
459,850,real,F20
459,1070,real,F20
460,260,real,F20
460,280,real,F20
460,770,real,F20
461,1050,real,F20
461,170,real,F20
462,610,real,F18
462,810,real,F18
462,890,real,F18
463,150,real,F20
463,820,real,F20
463,790,real,F20
463,910,real,F20
463,950,real,F20
464,610,real,F20
464,910,real,F20
464,380,real,F20
464,1020,real,F20
464,690,real,F20
465,790,real,F15
465,470,real,F15
465,890,real,F15
466,400,real,F20
466,1080,real,F20
467,690,real,F12
467,160,real,F12
467,140,real,F12
467,380,real,F12
468,610,real,F11
468,130,real,F11
468,240,real,F11
468,640,real,F11
469,400,real,F9
469,470,real,F9
470,230,real,F17
470,310,real,F17
470,480,real,F17
470,750,real,F18
471,130,real,F20
471,740,real,F20
471,650,real,F20
471,810,real,F20
471,670,real,F20
472,190,real,F20
472,480,real,F20
472,830,real,F20
472,770,real,F20
472,580,real,F20
473,810,real,F16
474,1060,real,F20
474,1020,real,F20
474,160,real,F20
474,860,real,F20
474,910,real,F20
475,240,real,F12
475,180,real,F12
475,590,real,F12
476,650,real,F20
476,940,real,F20
476,720,real,F20
476,620,real,F20
476,250,real,F20
477,1000,real,F19
477,210,real,F19
477,780,real,F19
478,730,real,F16
479,1090,real,F20
479,1020,real,F20
479,740,real,F20
479,1030,real,F20
479,370,real,F20
480,290,real,F9
481,820,real,F19
481,460,real,F19
482,590,real,F18
482,910,real,F18
483,460,real,F20
483,270,real,F20
483,560,real,F20
483,400,real,F20
483,1090,real,F20
484,770,real,F14
485,790,real,F19
485,200,real,F19
486,780,real,F14
487,290,real,F20
487,950,real,F20
487,1080,real,F20
487,170,real,F20
488,1040,real,F19
488,380,real,F19
488,180,real,F19
489,520,real,F18
489,630,real,F18
489,600,real,F18
489,140,real,F18
489,510,real,F18
490,930,real,F20
490,170,real,F20
490,290,real,F20
490,1030,real,F20
491,400,real,F20
491,690,real,F20
491,1090,real,F20
492,400,real,F14
492,130,real,F14
492,210,real,F14
492,750,real,F14
492,630,real,F14
493,120,real,F19
493,540,real,F19
493,160,real,F19
493,550,real,F19
493,870,real,F19
494,690,real,F20
494,610,real,F20
494,560,real,F20
494,1020,real,F20
494,780,real,F20
495,140,real,F19
495,1010,real,F19
495,930,real,F19
496,520,real,F14
496,120,real,F14
496,150,real,F14
496,770,real,F14
497,290,real,F9
498,520,real,F15
499,330,real,F20
499,170,real,F20
499,960,real,F20
499,300,real,F20
500,810,real,F20
500,860,real,F20
500,930,real,F20
500,100,real,F20
500,750,real,F20
501,320,real,F4
502,800,real,F20
502,490,real,F20
502,140,real,F20
502,1050,real,F20
503,940,real,F19
503,430,real,F19
504,350,real,F8
505,620,real,F16
505,580,real,F16
506,880,real,F17
506,640,real,F17
506,920,real,F17
507,1010,real,F20
507,750,real,F20
507,620,real,F20
507,1080,real,F20
508,330,real,F15
508,630,real,F15
508,790,real,F15
509,800,real,F20
509,1090,real,F20
509,730,real,F20
509,180,real,F20
509,350,real,F20
510,580,real,F17
510,210,real,F17
510,950,real,F17
510,300,real,F17
510,750,real,F17
511,960,real,F17
511,930,real,F17
511,200,real,F17
511,920,real,F17
511,190,real,F17
512,690,real,F20
512,1000,real,F20
512,1060,real,F20
512,520,real,F20
513,280,real,F10
513,180,real,F10
513,610,real,F10
513,560,real,F10
514,230,real,F10
514,110,real,F10
514,300,real,F10
515,470,real,F20
515,110,real,F20
515,400,real,F20
515,300,real,F20
515,1060,real,F20
516,730,real,F20
517,430,real,F20
517,690,real,F20
517,1040,real,F20
517,240,real,F20
517,640,real,F20
518,480,real,F13
518,290,real,F13
519,240,real,F9
519,550,real,F9
519,170,real,F11
520,630,real,F20
520,150,real,F20
521,640,real,F16
522,380,real,F20
522,430,real,F20
522,400,real,F20
522,900,real,F20
523,840,real,F20
523,440,real,F20
524,820,real,F20
524,430,real,F20
525,630,real,F20
525,390,real,F20
525,670,real,F20
525,980,real,F20
525,920,real,F20
526,880,real,F20
526,210,real,F20
526,470,real,F20
527,180,real,F13
527,730,real,F13
527,270,real,F13
528,540,real,F11
528,350,real,F11
528,410,real,F11
528,120,real,F11
528,270,real,F11
529,540,real,F20
529,670,real,F20
529,320,real,F20
530,1050,real,F20
530,530,real,F19
530,850,real,F20
530,880,real,F20
530,810,real,F20
531,800,real,F20
531,370,real,F20
531,840,real,F20
531,620,real,F20
531,910,real,F20
532,580,real,F15
533,240,real,F18
533,540,real,F18
533,140,real,F18
533,440,real,F18
533,900,real,F20
534,880,real,F16
534,260,real,F16
534,120,real,F16
534,170,real,F16
535,810,real,F15
536,1090,real,F20
536,570,real,F20
537,490,real,F9
537,410,real,F9
537,290,real,F9
537,390,real,F9
538,660,real,F18
538,130,real,F18
538,450,real,F18
539,370,real,F20
539,410,real,F20
539,110,real,F20
539,1000,real,F20
539,420,real,F20
540,790,real,F19
541,820,real,F16
542,970,real,F17
543,120,real,F3
544,1020,real,F20
544,720,real,F20
544,1040,real,F20
545,1070,real,F20
546,1060,real,F20
546,780,real,F20
547,630,real,F20
547,720,real,F20
547,430,real,F20
547,1050,real,F20
548,120,real,F20
548,850,real,F20
549,690,real,F20
549,920,real,F20
549,790,real,F20
549,880,real,F20
549,360,real,F20
550,190,real,F7
551,150,real,F9
551,350,real,F9
552,940,real,F20
552,850,real,F20
552,540,real,F19
553,1040,real,F20
554,810,real,F20
554,1080,real,F20
554,320,real,F20
554,360,real,F20
554,240,real,F20
555,940,real,F18
555,570,real,F18
556,710,real,F16
557,580,real,F20
557,1060,real,F20
557,360,real,F20
558,920,real,F20
558,180,real,F20
558,110,real,F20
559,110,real,F9
560,480,real,F8
561,850,real,F19
561,880,real,F19
561,690,real,F19
561,180,real,F19
561,1040,real,F19
562,1040,real,F19
562,180,real,F20
562,910,real,F19
562,950,real,F19
563,110,real,F15
563,860,real,F15
563,430,real,F15
563,720,real,F15
564,630,real,F12
565,750,real,F14
565,720,real,F14
566,340,real,F9
566,200,real,F9
567,390,real,F11
567,460,real,F11
567,340,real,F11
567,400,real,F11
567,640,real,F11
568,920,real,F20
569,1060,real,F20
569,290,real,F20
569,930,real,F20
569,460,real,F20
570,490,real,F20
570,420,real,F20
570,450,real,F20
570,860,real,F20
570,300,real,F20
571,1060,real,F20
571,960,real,F20
571,840,real,F20
571,870,real,F20
572,1090,real,F20
572,440,real,F20
572,160,real,F20
572,220,real,F20
573,150,real,F3
574,640,real,F20
574,680,real,F20
574,850,real,F20
575,460,real,F14
575,240,real,F14
575,340,real,F14
575,720,real,F14
575,220,real,F14
576,470,real,F19
576,120,real,F19
576,160,real,F19
576,140,real,F19
576,930,real,F19
577,650,real,F19
577,960,real,F19
578,150,real,F20
578,850,real,F20
579,650,real,F11
579,420,real,F11
579,100,real,F11
580,850,real,F20
581,240,real,F3
582,760,real,F16
582,370,real,F16
582,940,real,F16
582,710,real,F16
582,340,real,F16
583,790,real,F20
583,110,real,F20
583,990,real,F20
584,260,real,F7
584,230,real,F7
585,390,real,F20
585,1090,real,F20
585,710,real,F20
585,240,real,F20
586,1020,real,F20
586,710,real,F20
586,1070,real,F20
587,280,real,F17
587,600,real,F17
587,810,real,F17
587,650,real,F17
587,930,real,F17
588,810,real,F20
588,440,real,F20
588,570,real,F17
588,930,real,F20
588,520,real,F20
589,550,real,F17
589,880,real,F17
589,890,real,F17
590,140,real,F20
590,280,real,F20
590,340,real,F20
591,270,real,F18
591,550,real,F18
592,500,real,F15
592,700,real,F15
592,760,real,F15
593,930,real,F20
593,290,real,F20
594,1070,real,F20
594,950,real,F20
595,640,real,F15
596,460,real,F16
596,490,real,F16
596,620,real,F16
596,900,real,F16
597,370,real,F20
597,1000,real,F20
597,290,real,F20
598,740,real,F20
598,420,real,F20
598,230,real,F20
598,520,real,F20
599,1060,real,F20
600,580,real,F20
600,1090,real,F20
601,480,real,F6
602,270,real,F5
603,400,real,F7
604,980,real,F20
605,640,real,F12
605,350,real,F12
606,360,real,F20
606,870,real,F20
606,530,real,F20
607,670,real,F13
608,760,real,F20
608,740,real,F20
608,930,real,F20
608,320,real,F20
609,1000,real,F18
610,950,real,F17
611,990,real,F19
611,370,real,F19
611,940,real,F19
612,650,real,F20
612,970,real,F20
612,680,real,F20
613,240,real,F20
613,940,real,F18
614,200,real,F18
614,210,real,F18
614,270,real,F18
614,190,real,F18
614,910,real,F18
615,280,real,F20
615,170,real,F20
615,630,real,F20
616,180,real,F20
616,910,real,F20
616,920,real,F20
616,250,real,F20
616,200,real,F20
617,270,real,F20
617,960,real,F20
617,390,real,F20
617,890,real,F20
617,720,real,F20
618,510,real,F20
618,990,real,F20
618,410,real,F20
619,160,real,F11
619,510,real,F11
619,620,real,F11
619,450,real,F11
619,140,real,F11
620,730,real,F12
620,120,real,F12
621,1010,real,F20
622,1050,real,F20
623,140,real,F20
623,470,real,F20
624,390,real,F5
625,190,real,F17
625,250,real,F17
625,870,real,F17
625,240,real,F17
625,960,real,F17
626,1060,real,F20
627,110,real,F20
627,210,real,F20
627,950,real,F20
627,580,real,F20
627,370,real,F20
628,680,real,F20
628,290,real,F20
628,700,real,F20
628,1080,real,F20
629,370,real,F12
629,700,real,F12
629,540,real,F12
629,510,real,F13
629,390,real,F12
630,840,real,F20
630,470,real,F15
630,580,real,F20
631,150,real,F20
631,360,real,F20
631,770,real,F20
631,600,real,F20
631,840,real,F17
632,130,real,F19
632,640,real,F19
632,140,real,F19
632,940,real,F19
632,700,real,F19
633,830,real,F20
633,380,real,F20
633,1060,real,F20
633,950,real,F20
634,1040,real,F20
635,880,real,F17
636,240,real,F20
636,850,real,F20
636,100,real,F20
637,450,real,F6
637,180,real,F6
638,650,real,F14
638,390,real,F14
638,330,real,F14
638,790,real,F14
639,1080,real,F20
640,860,real,F20
640,960,real,F20
640,480,real,F20
640,570,real,F18
641,250,real,F7
642,630,real,F20
643,520,real,F20
643,1090,real,F20
643,890,real,F20
643,540,real,F20
644,870,real,F15
645,1090,real,F20
645,880,real,F20
645,550,real,F20
645,300,real,F20
645,990,real,F20
646,910,real,F18
646,380,real,F18
647,990,real,F19
647,660,real,F19
647,390,real,F19
647,370,real,F19
647,1050,real,F19
648,420,real,F13
648,160,real,F13
648,730,real,F13
649,160,real,F18
649,120,real,F18
649,640,real,F18
649,620,real,F18
649,970,real,F18
650,500,real,F15
650,800,real,F15
650,700,real,F15
651,570,real,F20
651,180,real,F20
651,650,real,F20
651,370,real,F20
651,1020,real,F20
652,320,real,F14
652,520,real,F14
652,330,real,F14
652,770,real,F14
652,430,real,F14
653,830,real,F20
653,300,real,F20
654,850,real,F20
654,660,real,F20
654,840,real,F20
654,540,real,F20
655,220,real,F18
655,270,real,F18
655,920,real,F18
656,110,real,F4
656,250,real,F4
657,380,real,F20
657,1070,real,F20
657,680,real,F20
658,870,real,F19
658,930,real,F19
658,390,real,F20
658,700,real,F19
659,230,real,F8
659,390,real,F8
659,260,real,F8
660,970,real,F20
660,540,real,F20
660,430,real,F20
660,820,real,F20
660,580,real,F16
661,750,real,F20
662,890,real,F20
663,180,real,F19
663,910,real,F20
664,270,real,F13
664,160,real,F13
664,540,real,F13
665,910,real,F16
666,820,real,F20
666,1050,real,F20
667,650,real,F11
667,310,real,F11
667,540,real,F11
668,740,real,F19
668,970,real,F19
668,770,real,F19
669,280,real,F8
670,790,real,F20
670,230,real,F20
670,830,real,F20
670,720,real,F20
670,380,real,F15
671,370,real,F7
671,490,real,F7
671,440,real,F7
672,320,real,F17
672,990,real,F17
672,640,real,F17
672,450,real,F17
673,820,real,F17
673,690,real,F17
673,470,real,F17
673,490,real,F17
673,110,real,F17
674,250,real,F19
674,180,real,F19
674,980,real,F19
675,560,real,F12
676,530,real,F8
677,810,real,F20
677,920,real,F20
677,350,real,F20
677,730,real,F20
678,780,real,F20
678,630,real,F20
678,260,real,F20
678,400,real,F20
678,650,real,F20
679,300,real,F12
679,420,real,F12
679,660,real,F12
680,600,real,F10
680,260,real,F10
681,990,real,F20
682,770,real,F20
682,410,real,F20
682,1030,real,F20
682,1000,real,F20
682,640,real,F20
683,1080,real,F20
683,110,real,F20
684,1080,real,F20
685,140,real,F11
685,570,real,F11
685,160,real,F11
686,670,real,F19
686,1020,real,F19
687,490,real,F10
687,250,real,F10
688,280,real,F5
689,460,real,F16
689,500,real,F16
689,230,real,F16
689,220,real,F16
689,810,real,F16
690,920,real,F20
691,890,real,F16
691,390,real,F16
691,190,real,F16
692,990,real,F20
692,940,real,F20
692,100,real,F20
692,600,real,F20
693,170,real,F5
694,830,real,F20
694,420,real,F20
694,670,real,F20
694,850,real,F20
695,380,real,F13
695,570,real,F13
695,550,real,F13
695,690,real,F13
695,590,real,F13
696,610,real,F20
696,290,real,F20
696,1090,real,F20
696,650,real,F20
696,1030,real,F20
697,390,real,F14
697,540,real,F8
698,290,real,F6
699,410,real,F13
699,390,real,F13
699,590,real,F13
699,540,real,F13
700,140,real,F19
700,420,real,F19
700,330,real,F19
700,560,real,F19
700,1020,real,F19
701,380,real,F5
702,610,real,F12
703,400,real,F16
703,920,real,F16
704,410,real,F20
704,1010,real,F20
704,510,real,F20
704,380,real,F20
704,850,real,F20
705,410,real,F13
705,340,real,F13
706,510,real,F7
706,290,real,F7
707,190,real,F20
707,960,real,F20
707,850,real,F20
708,910,real,F16
708,230,real,F20
708,140,real,F18
708,440,real,F20
709,1080,real,F20
709,130,real,F20
710,1010,real,F19
711,730,real,F16
711,240,real,F16
711,320,real,F16
711,160,real,F16
712,230,real,F13
712,400,real,F13
712,570,real,F13
712,550,real,F13
712,170,real,F13
713,370,real,F8
714,140,real,F18
714,900,real,F18
714,570,real,F18
714,990,real,F18
715,670,real,F18
715,840,real,F18
716,280,real,F20
716,1030,real,F20
716,210,real,F20
716,850,real,F20
716,140,real,F20
717,780,real,F14
717,740,real,F14
717,100,real,F14
717,490,real,F14
717,690,real,F14
718,140,real,F4
719,1030,real,F20
719,840,real,F20
719,900,real,F20
719,100,real,F20
719,140,real,F20
720,360,real,F20
720,390,real,F20
720,790,real,F20
720,190,real,F20
721,930,real,F20
721,240,real,F20
722,1090,real,F20
722,550,real,F20
723,1010,real,F20
724,460,real,F6
725,600,real,F13
726,450,real,F6
726,130,real,F6
726,440,real,F6
727,1000,real,F20
727,710,real,F20
727,580,real,F20
727,720,real,F17
728,290,real,F5
729,400,real,F11
729,520,real,F11
729,230,real,F13
729,330,real,F11
730,320,real,F18
730,830,real,F18
731,910,real,F17
732,180,real,F20
732,750,real,F20
732,310,real,F20
732,460,real,F20
732,990,real,F20
733,520,real,F16
733,860,real,F16
733,420,real,F16
734,510,real,F19
734,830,real,F19
734,300,real,F20
734,910,real,F19
735,100,real,F9
735,610,real,F9
735,160,real,F9
736,260,real,F7
737,690,real,F12
737,630,real,F12
737,360,real,F12
738,410,real,F5
738,200,real,F5
739,650,real,F15
739,870,real,F18
739,790,real,F18
740,920,real,F20
740,490,real,F20
741,130,real,F10
741,120,real,F10
741,100,real,F10
742,410,real,F17
742,870,real,F17
743,1030,real,F20
743,750,real,F20
744,680,real,F12
744,160,real,F12
744,510,real,F12
745,850,real,F20
745,220,real,F20
745,740,real,F20
746,1040,real,F20
746,780,real,F20
746,1090,real,F20
747,260,real,F8
747,540,real,F8
748,370,real,F20
748,310,real,F20
748,240,real,F15
748,490,real,F20
748,860,real,F20
749,190,real,F3
750,130,real,F15
750,360,real,F15
751,190,real,F11
751,610,real,F11
751,590,real,F11
751,420,real,F11
752,1000,real,F20
752,180,real,F20
752,420,real,F20
753,950,real,F20
753,500,real,F19
753,970,real,F20
754,600,real,F20
754,1090,real,F20
755,200,real,F3
756,280,real,F19
756,740,real,F19
756,920,real,F19
756,790,real,F19
757,530,real,F20
758,500,real,F16
758,610,real,F16
758,680,real,F16
759,140,real,F14
759,200,real,F14
759,300,real,F14
760,1040,real,F20
760,560,real,F20
760,960,real,F20
760,1030,real,F20
761,490,real,F15
761,330,real,F15
761,200,real,F15
761,810,real,F15
761,660,real,F15
762,820,real,F19
762,520,real,F19
762,100,real,F19
762,970,real,F19
762,850,real,F19
763,210,real,F17
763,980,real,F17
763,830,real,F17
764,840,real,F16
764,210,real,F16
764,880,real,F16
765,280,real,F19
765,1050,real,F19
765,380,real,F19
766,950,real,F16
766,630,real,F16
766,100,real,F16
766,220,real,F16
767,460,real,F20
767,1020,real,F20
768,680,real,F20
768,790,real,F20
768,910,real,F20
768,160,real,F20
768,570,real,F20
769,940,real,F20
769,860,real,F20
769,510,real,F20
769,630,real,F20
769,600,real,F20
770,270,real,F20
770,250,real,F20
770,750,real,F20
770,980,real,F20
771,370,real,F18
771,390,real,F18
771,360,real,F18
772,610,real,F15
772,330,real,F15
772,340,real,F15
772,530,real,F15
772,890,real,F15
773,350,real,F20
773,370,real,F20
773,160,real,F20
773,670,real,F20
773,890,real,F20
774,730,real,F20
774,980,real,F20
774,990,real,F20
774,450,real,F20
774,970,real,F20
775,670,real,F13
776,230,real,F7
777,350,real,F20
777,220,real,F20
777,370,real,F20
777,900,real,F20
777,100,real,F20
778,690,real,F16
778,480,real,F16
778,940,real,F16
778,400,real,F16
778,730,real,F16
779,100,real,F7
779,500,real,F7
780,530,real,F16
780,860,real,F16
780,580,real,F16
780,410,real,F16
780,370,real,F20
781,560,real,F20
781,990,real,F20
781,980,real,F20
782,780,real,F20
782,160,real,F20
782,570,real,F20
782,1080,real,F20
783,920,real,F20
783,940,real,F20
783,250,real,F20
784,200,real,F12
784,480,real,F12
784,520,real,F12
785,1040,real,F20
785,250,real,F20
785,100,real,F20
785,650,real,F20
786,500,real,F17
787,1010,real,F20
787,330,real,F20
787,1090,real,F20
787,810,real,F20
788,580,real,F18
788,530,real,F18
788,490,real,F18
788,800,real,F18
788,110,real,F18
789,460,real,F11
790,100,real,F9
790,610,real,F9
791,150,real,F20
791,130,real,F20
791,920,real,F20
791,530,real,F20
792,780,real,F20
792,990,real,F20
792,440,real,F17
792,610,real,F20
793,780,real,F14
793,590,real,F14
794,160,real,F12
794,470,real,F12
794,100,real,F12
794,150,real,F12
794,200,real,F12
795,590,real,F11
795,640,real,F11
795,410,real,F11
796,140,real,F20
796,950,real,F20
796,1010,real,F20
796,690,real,F20
796,440,real,F20
797,930,real,F18
797,810,real,F18
798,210,real,F20
798,270,real,F20
798,710,real,F20
798,480,real,F20
798,1040,real,F20
799,420,real,F14
799,560,real,F14
799,540,real,F14
799,530,real,F14
799,740,real,F14
800,390,real,F17
800,280,real,F17
800,330,real,F17
800,950,real,F17
800,120,real,F17
801,870,real,F17
802,560,real,F17
802,260,real,F17
802,980,real,F17
802,990,real,F17
802,770,real,F17
803,680,real,F20
803,460,real,F20
803,920,real,F20
804,730,real,F17
804,640,real,F15
805,390,real,F15
805,740,real,F15
805,750,real,F15
805,600,real,F15
806,840,real,F20
806,240,real,F20
807,770,real,F16
807,740,real,F16
808,790,real,F16
808,860,real,F16
808,960,real,F16
809,550,real,F12
809,730,real,F12
810,240,real,F10
811,270,real,F11
812,1060,real,F20
812,1020,real,F20
813,300,real,F9
814,870,real,F20
815,440,real,F20
815,1010,real,F20
815,350,real,F20
816,390,real,F18
816,960,real,F18
816,920,real,F18
816,520,real,F17
817,470,real,F19
817,720,real,F19
818,750,real,F16
818,840,real,F16
819,900,real,F16
819,810,real,F16
820,300,real,F12
820,390,real,F12
820,710,real,F12
820,570,real,F12
821,500,real,F20
821,690,real,F20
821,1080,real,F20
821,1040,real,F20
822,800,real,F20
823,450,real,F12
823,470,real,F12
824,730,real,F15
824,770,real,F15
824,330,real,F15
824,700,real,F15
824,450,real,F15
825,1070,real,F20
825,120,real,F20
825,200,real,F20
825,170,real,F20
825,690,real,F20
826,430,real,F14
826,780,real,F14
827,370,real,F20
827,870,real,F20
828,890,real,F20
828,240,real,F20
828,1070,real,F20
828,810,real,F20
829,800,real,F15
829,850,real,F15
829,410,real,F15
830,110,real,F20
830,1040,real,F20
830,310,real,F20
830,1020,real,F20
830,350,real,F20
831,240,real,F18
831,160,real,F18
831,580,real,F18
831,900,real,F18
831,940,real,F18
832,190,real,F6
833,390,real,F20
833,980,real,F17
833,500,real,F17
833,990,real,F17
833,640,real,F17
834,990,real,F18
834,130,real,F18
834,760,real,F18
834,100,real,F18
835,460,real,F15
836,220,real,F13
836,230,real,F13
836,460,real,F13
837,530,real,F12
838,900,real,F19
838,750,real,F19
838,830,real,F19
839,330,real,F20
839,900,real,F20
840,200,real,F4
840,160,real,F4
841,250,real,F5
842,610,real,F20
842,480,real,F20
842,390,real,F20
842,510,real,F20
843,520,real,F20
843,910,real,F20
843,130,real,F20
844,860,real,F20
844,690,real,F20
844,400,real,F20
844,800,real,F20
844,330,real,F20
845,510,real,F7
846,310,real,F15
846,850,real,F15
846,810,real,F15
847,1080,real,F20
847,330,real,F20
848,270,real,F15
848,380,real,F15
848,780,real,F15
848,810,real,F15
848,230,real,F15
849,1080,real,F20
849,740,real,F20
850,620,real,F14
851,100,real,F12
851,680,real,F12
852,1010,real,F20
852,610,real,F20
852,170,real,F20
853,1090,real,F20
853,790,real,F20
854,1000,real,F20
854,330,real,F20
854,880,real,F20
855,730,real,F20
855,650,real,F20
855,530,real,F20
856,930,real,F19
856,810,real,F19
856,240,real,F19
857,920,real,F20
857,210,real,F20
857,1060,real,F20
858,760,real,F20
858,1000,real,F17
859,190,real,F20
859,650,real,F20
859,240,real,F20
859,990,real,F20
860,510,real,F20
861,540,real,F11
861,140,real,F11
861,650,real,F11
862,940,real,F20
862,470,real,F20
862,390,real,F20
862,570,real,F20
862,610,real,F20
863,640,real,F20
863,340,real,F20
863,1010,real,F20
863,900,real,F20
863,850,real,F20
864,530,real,F18
864,880,real,F18
864,140,real,F18
864,650,real,F18
864,660,real,F18
865,530,real,F18
865,130,real,F19
865,850,real,F19
866,950,real,F20
866,860,real,F20
867,450,real,F20
867,560,real,F15
867,780,real,F20
868,390,real,F20
868,730,real,F20
868,1090,real,F20
868,470,real,F20
869,550,real,F16
869,580,real,F16
869,960,real,F16
869,670,real,F16
870,600,real,F18
870,900,real,F18
870,760,real,F18
871,360,real,F6
871,260,real,F6
872,460,real,F6
872,480,real,F6
872,270,real,F6
873,340,real,F17
873,960,real,F17
873,980,real,F17
874,770,real,F14
874,340,real,F14
875,740,real,F20
875,420,real,F20
875,640,real,F20
875,590,real,F20
875,410,real,F20
876,420,real,F7
877,320,real,F12
877,500,real,F12
877,660,real,F12
877,260,real,F12
878,230,real,F11
879,570,real,F20
879,950,real,F20
879,730,real,F20
880,510,real,F14
880,210,real,F14
880,620,real,F14
880,540,real,F14
881,770,real,F16
881,510,real,F16
881,360,real,F16
882,610,real,F17
882,990,real,F17
882,290,real,F17
883,990,real,F18
883,110,real,F18
884,640,real,F17
884,910,real,F17
884,860,real,F17
884,710,real,F17
884,730,real,F17
885,330,real,F16
885,850,real,F16
885,760,real,F16
885,580,real,F16
885,160,real,F16
886,590,real,F16
886,800,real,F16
886,610,real,F16
886,170,real,F16
886,480,real,F16
887,860,real,F16
887,320,real,F16
887,440,real,F16
887,740,real,F16
887,960,real,F16
888,680,real,F20
888,860,real,F19
888,750,real,F20
888,940,real,F20
888,740,real,F20
889,480,real,F14
889,490,real,F7
890,460,real,F20
890,380,real,F20
891,230,real,F15
891,110,real,F15
891,250,real,F20
891,730,real,F15
891,210,real,F15
892,460,real,F18
892,610,real,F18
892,670,real,F18
893,840,real,F20
893,270,real,F20
894,440,real,F12
894,640,real,F12
895,950,real,F18
895,260,real,F18
895,650,real,F18
895,160,real,F18
896,170,real,F11
896,390,real,F11
896,280,real,F11
897,250,real,F20
897,920,real,F20
897,640,real,F20
898,320,real,F10
899,810,real,F17
900,690,real,F14
900,170,real,F14
900,650,real,F14
900,210,real,F14
900,590,real,F14
901,390,real,F19
901,590,real,F19
901,630,real,F19
901,970,real,F19
901,360,real,F19
902,990,real,F18
903,190,real,F20
903,220,real,F20
903,990,real,F20
904,450,real,F12
904,670,real,F12
905,140,real,F13
905,700,real,F13
906,850,real,F20
907,630,real,F20
907,900,real,F20
907,230,real,F20
907,440,real,F20
908,350,real,F9
909,200,real,F14
909,240,real,F14
909,780,real,F14
910,990,real,F18
910,340,real,F18
910,350,real,F18
910,130,real,F18
911,110,real,F16
911,680,real,F16
911,770,real,F16
911,660,real,F16
912,570,real,F13
912,740,real,F13
912,440,real,F13
912,700,real,F13
912,360,real,F13
913,710,real,F14
914,860,real,F20
914,1070,real,F20
914,970,real,F20
914,180,real,F20
914,320,real,F20
915,370,real,F13
916,400,real,F8
917,190,real,F15
917,640,real,F15
918,490,real,F17
918,710,real,F17
919,790,real,F20
919,830,real,F20
919,630,real,F20
919,1050,real,F20
919,750,real,F20
920,1000,real,F20
920,190,real,F20
920,240,real,F18
920,920,real,F20
921,120,real,F9
921,450,real,F9
921,580,real,F9
922,270,real,F12
922,350,real,F12
922,740,real,F12
922,370,real,F12
922,250,real,F12
923,1010,real,F20
924,140,real,F20
924,820,real,F20
924,330,real,F20
924,930,real,F20
924,1030,real,F20
925,530,real,F20
925,210,real,F20
925,140,real,F20
925,690,real,F20
925,540,real,F15
926,320,real,F10
926,200,real,F10
927,310,real,F20
927,1070,real,F20
927,300,real,F20
927,270,real,F20
928,670,real,F20
928,1040,real,F20
928,280,real,F20
928,1080,real,F20
929,330,real,F20
929,300,real,F15
929,570,real,F15
929,710,real,F15
929,790,real,F18
930,210,real,F14
930,790,real,F14
930,370,real,F14
931,1020,real,F20
931,290,real,F20
931,180,real,F20
931,510,real,F20
932,530,real,F20
932,1080,real,F20
933,440,real,F16
933,290,real,F16
933,940,real,F16
933,340,real,F16
933,490,real,F16
934,860,real,F17
934,590,real,F20
935,1070,real,F20
935,570,real,F20
935,180,real,F20
936,1000,real,F20
936,740,real,F20
936,1060,real,F20
936,310,real,F20
937,970,real,F19
937,1040,real,F19
938,430,real,F17
938,920,real,F17
938,850,real,F17
939,530,real,F20
940,540,real,F13
940,460,real,F13
940,160,real,F13
941,620,real,F20
941,910,real,F20
942,380,real,F16
942,960,real,F16
942,240,real,F16
943,530,real,F20
943,260,real,F20
943,190,real,F20
943,940,real,F20
944,450,real,F9
945,300,real,F4
945,110,real,F4
946,220,real,F16
946,960,real,F16
946,200,real,F16
946,470,real,F16
946,630,real,F16
947,140,real,F7
947,300,real,F7
948,810,real,F16
948,620,real,F20
949,630,real,F16
949,750,real,F16
950,1060,real,F20
950,740,real,F20
950,380,real,F20
950,1050,real,F20
951,680,real,F20
951,290,real,F20
951,940,real,F20
951,240,real,F20
951,770,real,F20
952,410,real,F20
952,510,real,F20
952,710,real,F20
952,870,real,F20
952,930,real,F20
953,1050,real,F20
953,160,real,F20
953,590,real,F20
953,660,real,F20
953,190,real,F20
954,440,real,F20
954,240,real,F20
954,790,real,F20
954,390,real,F14
955,220,real,F20
955,1030,real,F20
955,970,real,F20
955,840,real,F20
955,700,real,F20
956,760,real,F20
956,930,real,F20
956,120,real,F20
956,590,real,F20
956,440,real,F20
957,930,real,F20
957,170,real,F20
957,180,real,F20
957,780,real,F20
958,310,real,F20
958,1020,real,F20
958,400,real,F20
958,690,real,F20
959,770,real,F14
959,230,real,F14
959,400,real,F14
959,290,real,F14
960,160,real,F16
960,280,real,F16
960,890,real,F16
961,960,real,F17
961,410,real,F17
961,810,real,F17
961,370,real,F17
961,730,real,F17
962,770,real,F17
962,330,real,F18
962,590,real,F18
962,210,real,F20
962,930,real,F18
963,370,real,F8
964,1070,real,F20
964,800,real,F20
965,310,real,F20
965,750,real,F20
965,140,real,F20
965,720,real,F20
965,1070,real,F20
966,180,real,F5
966,390,real,F5
967,1010,real,F18
967,470,real,F18
967,410,real,F18
968,830,real,F20
968,440,real,F17
968,730,real,F20
968,390,real,F20
969,710,real,F12
969,140,real,F12
969,150,real,F12
969,310,real,F12
969,550,real,F12
970,370,real,F20
970,1050,real,F20
970,920,real,F20
970,310,real,F20
970,500,real,F20
971,100,real,F4
971,270,real,F4
972,1080,real,F20
972,1090,real,F20
972,730,real,F20
972,470,real,F20
973,110,real,F9
973,540,real,F9
973,520,real,F9
973,500,real,F9
974,710,real,F20
975,370,real,F20
975,640,real,F20
975,790,real,F20
975,420,real,F20
976,740,real,F20
976,1050,real,F20
977,240,real,F13
977,620,real,F13
977,740,real,F13
977,540,real,F13
977,520,real,F13
978,980,real,F20
978,800,real,F20
978,410,real,F20
978,220,real,F20
978,1010,real,F20
979,630,real,F14
979,450,real,F14
979,190,real,F14
980,140,real,F7
980,490,real,F7
981,240,real,F18
981,720,real,F18
981,820,real,F20
981,730,real,F18
982,240,real,F20
982,1070,real,F20
982,1090,real,F20
983,560,real,F20
983,1020,real,F20
983,370,real,F20
983,120,real,F20
984,870,real,F20
984,790,real,F20
984,140,real,F20
984,250,real,F20
984,170,real,F20
985,350,real,F20
985,1030,real,F20
985,370,real,F20
986,380,real,F20
986,1060,real,F20
987,1090,real,F20
987,680,real,F20
988,450,real,F6
988,190,real,F6
989,730,real,F13
990,950,real,F20
990,500,real,F20
990,940,real,F20
991,500,real,F20
991,570,real,F20
991,940,real,F20
991,720,real,F20
991,230,real,F20
992,150,real,F11
993,840,real,F17
993,850,real,F17
993,620,real,F17
994,1000,real,F20
994,970,real,F20
994,900,real,F20
994,160,real,F20
995,310,real,F16
995,940,real,F16
995,970,real,F16
995,980,real,F16
996,530,real,F19
996,950,real,F19
997,690,real,F13
997,610,real,F13
998,570,real,F15
998,500,real,F15
998,370,real,F15
998,810,real,F15
999,880,real,F18
999,400,real,F18
999,190,real,F20
999,160,real,F18
999,480,real,F18
1000,380,real,F20
1000,970,real,F20
1000,480,real,F20
1001,360,real,F5
1001,300,real,F5
1001,310,real,F5
1002,710,real,F20
1002,970,real,F20
1003,1040,real,F20
1004,460,real,F8
1004,110,real,F8
1004,520,real,F8
1005,310,real,F18
1005,590,real,F18
1005,990,real,F20
1006,930,real,F20
1006,420,real,F20
1006,720,real,F20
1007,360,real,F20
1007,1000,real,F20
1008,1040,real,F20
1008,790,real,F20
1009,1010,real,F20
1009,450,real,F20
1009,160,real,F20
1009,1090,real,F20
1010,940,real,F16
1010,530,real,F16
1010,120,real,F16
1011,330,real,F11
1011,500,real,F11
1011,580,real,F11
1012,660,real,F17
1013,850,real,F20
1013,140,real,F20
1013,510,real,F20
1014,370,real,F12
1014,430,real,F12
1014,670,real,F12
1014,150,real,F12
1015,640,real,F14
1015,460,real,F14
1015,790,real,F14
1016,920,real,F20
1017,880,real,F17
1017,190,real,F17
1017,350,real,F17
1018,1010,real,F20
1018,450,real,F20
1018,690,real,F20
1018,550,real,F20
1018,800,real,F20
1019,280,real,F20
1019,710,real,F20
1019,850,real,F20
1019,550,real,F20
1019,100,real,F20
1020,770,real,F20
1020,950,real,F20
1020,400,real,F20
1020,490,real,F20
1020,670,real,F20
1021,440,real,F16
1021,660,real,F16
1022,1070,real,F20
1022,900,real,F20
1023,210,real,F16
1023,250,real,F16
1023,350,real,F18
1023,960,real,F16
1024,820,real,F20
1024,460,real,F20
1024,350,real,F20
1025,110,real,F10
1025,630,real,F10
1026,580,real,F8
1027,810,real,F20
1028,370,real,F8
1028,240,real,F8
1029,1090,real,F20
1029,100,real,F20
1029,800,real,F20
1029,230,real,F20
1029,980,real,F20
1030,110,real,F4
1031,920,real,F20
1031,970,real,F20
1031,620,real,F20
1031,410,real,F20
1032,700,real,F13
1032,570,real,F13
1033,410,real,F20
1033,320,real,F20
1033,940,real,F20
1034,480,real,F15
1034,530,real,F15
1034,320,real,F15
1034,780,real,F15
1035,520,real,F13
1035,500,real,F13
1036,140,real,F11
1036,220,real,F11
1036,100,real,F11
1036,450,real,F11
1036,230,real,F11
1037,160,real,F20
1037,1040,real,F20
1037,920,real,F20
1038,1090,real,F20
1038,1030,real,F20
1038,420,real,F20
1038,1000,real,F20
1038,240,real,F20
1039,1080,real,F20
1039,480,real,F20
1040,570,real,F17
1040,380,real,F17
1040,690,real,F17
1040,930,real,F17
1041,520,real,F8
1041,120,real,F8
1041,480,real,F8
1042,690,real,F14
1042,780,real,F14
1043,540,real,F18
1043,570,real,F18
1043,990,real,F18
1043,140,real,F18
1044,430,real,F8
1044,520,real,F8
1044,130,real,F8
1045,420,real,F20
1045,1070,real,F20
1045,1030,real,F20
1046,810,real,F19
1047,830,real,F20
1047,590,real,F20
1047,960,real,F20
1048,940,real,F20
1048,460,real,F20
1048,110,real,F20
1048,190,real,F20
1048,240,real,F20
1049,990,real,F19
1049,610,real,F19
1049,590,real,F19
1050,570,real,F9
1051,390,real,F7
1052,410,real,F20
1052,280,real,F20
1052,810,real,F20
1053,880,real,F15
1053,200,real,F15
1053,360,real,F15
1053,810,real,F15
1054,690,real,F14
1055,1020,real,F20
1055,920,real,F20
1056,600,real,F12
1056,500,real,F12
1056,290,real,F12
1056,460,real,F12
1057,450,real,F20
1057,940,real,F20
1057,960,real,F20
1057,570,real,F20
1058,910,real,F20
1058,1070,real,F20
1058,920,real,F20
1058,500,real,F20
1058,270,real,F20
1059,460,real,F10
1060,180,real,F20
1060,830,real,F20
1060,350,real,F20
1061,230,real,F20
1061,170,real,F20
1061,740,real,F20
1062,830,real,F20
1062,670,real,F20
1063,150,real,F12
1063,710,real,F12
1064,700,real,F20
1064,630,real,F20
1065,1060,real,F20
1065,220,real,F20
1065,850,real,F20
1065,100,real,F20
1066,550,real,F14
1066,530,real,F14
1066,510,real,F14
1066,430,real,F14
1067,400,real,F20
1067,770,real,F20
1067,680,real,F20
1067,910,real,F20
1067,390,real,F20
1068,1020,real,F20
1068,300,real,F20
1068,260,real,F20
1069,170,real,F6
1070,460,real,F9
1070,550,real,F9
1071,140,real,F4
1072,840,real,F16
1072,570,real,F16
1072,860,real,F20
1072,780,real,F16
1072,610,real,F16
1073,1050,real,F20
1074,160,real,F20
1074,190,real,F20
1074,930,real,F20
1074,460,real,F20
1074,300,real,F20
1075,940,real,F20
1075,990,real,F20
1075,390,real,F20
1075,430,real,F20
1075,410,real,F20
1076,450,real,F6
1077,430,real,F20
1077,240,real,F20
1077,650,real,F20
1078,610,real,F20
1078,340,real,F20
1078,800,real,F20
1078,1090,real,F20
1079,950,real,F20
1079,1030,real,F20
1079,330,real,F20
1079,100,real,F20
1079,270,real,F20
1080,150,real,F19
1080,270,real,F19
1080,350,real,F19
1080,1050,real,F19
1081,600,real,F17
1081,950,real,F19
1081,480,real,F17
1081,640,real,F17
1081,610,real,F17
1082,220,real,F12
1082,720,real,F12
1082,510,real,F12
1082,580,real,F12
1083,730,real,F20
1083,560,real,F20
1083,260,real,F20
1084,610,real,F16
1084,120,real,F16
1084,170,real,F16
1084,210,real,F16
1084,310,real,F16
1085,390,real,F20
1085,300,real,F20
1085,1020,real,F20
1085,210,real,F20
1086,380,real,F9
1086,410,real,F9
1086,570,real,F9
1087,100,real,F19
1087,790,real,F19
1087,850,real,F19
1088,160,real,F16
1088,880,real,F16
1089,140,real,F20
1089,360,real,F20
1089,720,real,F20
1089,670,real,F20
1089,950,real,F20
1090,300,real,F20
1090,140,real,F20
1090,810,real,F20
1090,310,real,F20
1090,880,real,F20
1091,750,real,F14
1091,500,real,F14
1092,640,real,F19
1092,680,real,F19
1092,610,real,F19
1092,110,real,F19
1092,880,real,F19
1093,380,real,F12
1093,120,real,F12
1093,470,real,F12
1093,390,real,F12
1094,1050,real,F20
1094,420,real,F20
1094,120,real,F20
1095,540,real,F20
1095,770,real,F20
1095,380,real,F20
1095,400,real,F20
1095,1040,real,F20
1096,330,real,F14
1096,340,real,F14
1097,290,real,F18
1097,690,real,F20
1098,960,real,F17
1099,890,real,F20
1099,510,real,F20
1099,200,real,F20
1100,660,real,F13
1101,310,real,F20
1101,260,real,F20
1101,1080,real,F20
1101,290,real,F20
1101,720,real,F20
1102,140,real,F20
1102,520,real,F20
1102,490,real,F20
1102,890,real,F20
1103,980,real,F18
1103,710,real,F18
1104,400,real,F9
1105,910,real,F19
1105,250,real,F19
1105,790,real,F19
1106,630,real,F20
1106,880,real,F20
1106,700,real,F20
1106,670,real,F20
1107,140,real,F20
1107,910,real,F20
1108,740,real,F17
1108,320,real,F17
1108,300,real,F17
1108,830,real,F20
1109,990,real,F17
1109,580,real,F17
1109,860,real,F17
1109,390,real,F17
1109,830,real,F17
1110,600,real,F20
1110,650,real,F20
1110,480,real,F20
1110,250,real,F20
1110,1050,real,F20
1111,1030,real,F20
1111,1020,real,F20
1111,680,real,F20
1111,230,real,F20
1112,500,real,F13
1112,360,real,F13
1113,920,real,F20
1113,100,real,F20
1113,520,real,F20
1114,560,real,F14
1114,770,real,F14
1115,1030,real,F20
1115,190,real,F20
1115,610,real,F20
1116,160,real,F15
1116,170,real,F15
1116,560,real,F15
1116,150,real,F15
1116,800,real,F15
1117,330,real,F16
1117,680,real,F16
1117,610,real,F16
1118,1020,real,F20
1118,630,real,F20
1118,220,real,F20
1118,760,real,F20
1118,350,real,F20
1119,920,real,F16
1120,950,real,F20
1120,430,real,F20
1120,1060,real,F20
1120,920,real,F20
1120,870,real,F20
1121,400,real,F6
1121,170,real,F6
1121,250,real,F6
1122,440,real,F20
1122,460,real,F20
1122,980,real,F20
1122,240,real,F20
1122,1090,real,F20
1123,770,real,F14
1123,240,real,F14
1123,150,real,F14
1124,780,real,F20
1124,1010,real,F20
1124,180,real,F20
1125,1050,real,F20
1126,970,real,F20
1127,850,real,F20
1128,780,real,F20
1128,150,real,F20
1129,1000,real,F20
1129,100,real,F20
1129,630,real,F20
1129,990,real,F20
1130,890,real,F20
1130,1060,real,F20
1130,440,real,F20
1130,800,real,F20
1130,130,real,F20
1131,1040,real,F19
1132,420,real,F16
1132,890,real,F16
1132,190,real,F16
1132,680,real,F16
1132,670,real,F16
1133,400,real,F7
1134,500,real,F10
1134,370,real,F10
1134,350,real,F10
1135,880,real,F20
1135,830,real,F20
1135,660,real,F20
1135,150,real,F20
1136,800,real,F18
1137,1060,real,F20
1138,940,real,F20
1138,630,real,F20
1138,580,real,F20
1139,230,real,F2
1139,750,real,F2
1139,650,real,F2
1139,490,real,F2
1139,370,real,F2
1140,760,real,F17
1140,210,real,F17
1140,340,real,F17
1141,980,real,F16
1142,880,real,F20
1142,640,real,F15
1142,800,real,F20
1143,1070,real,F20
1143,100,real,F20
1143,170,real,F20
1143,290,real,F20
1143,840,real,F20
1144,260,real,F20
1144,770,real,F20
1144,910,real,F20
1144,1030,real,F20
1145,280,real,F20
1145,940,real,F20
1145,790,real,F20
1146,620,real,F18
1146,390,real,F18
1146,830,real,F18
1147,590,real,F14
1147,310,real,F14
1147,150,real,F14
1147,460,real,F14
1147,330,real,F14
1148,150,real,F17
1148,670,real,F17
1148,200,real,F17
1148,610,real,F17
1148,1000,real,F17
1149,490,real,F20
1149,1000,real,F20
1150,300,real,F11
1150,180,real,F11
1150,520,real,F11
1150,470,real,F11
1151,580,real,F20
1151,1090,real,F20
1151,300,real,F20
1151,370,real,F20
1151,930,real,F20
1152,640,real,F10
1152,480,real,F10
1153,1030,real,F20
1153,760,real,F20
1153,770,real,F20
1153,610,real,F20
1154,970,real,F20
1155,240,real,F4
1155,220,real,F4
1155,180,real,F4
1155,300,real,F4
1156,510,real,F12
1156,680,real,F12
1157,540,real,F17
1157,920,real,F17
1157,100,real,F17
1157,590,real,F17
1157,550,real,F17
1158,510,real,F8
1159,280,real,F20
1159,680,real,F20
1160,790,real,F20
1160,1080,real,F20
1160,670,real,F20
1160,530,real,F20
1160,360,real,F20
1161,430,real,F6
1161,360,real,F6
1162,380,real,F20
1162,710,real,F20
1162,870,real,F20
1162,1080,real,F20
1162,650,real,F20
1163,680,real,F18
1164,1060,real,F20
1164,290,real,F20
1164,300,real,F20
1165,1050,real,F19
1166,180,real,F17
1166,870,real,F17
1166,650,real,F17
1167,440,real,F16
1167,780,real,F16
1168,370,real,F20
1168,170,real,F20
1168,890,real,F20
1169,690,real,F20
1169,130,real,F20
1169,120,real,F20
1169,510,real,F20
1169,1040,real,F20
1170,150,real,F5
1170,200,real,F5
1171,240,real,F20
1171,310,real,F20
1171,990,real,F20
1172,800,real,F17
1172,100,real,F17
1172,770,real,F17
1172,210,real,F17
1173,190,real,F18
1173,830,real,F18
1173,460,real,F18
1174,1080,real,F20
1174,680,real,F20
1174,550,real,F20
1174,900,real,F20
1174,970,real,F20
1175,590,real,F12
1175,360,real,F12
1175,570,real,F12
1175,190,real,F12
1176,630,real,F20
1176,1060,real,F20
1176,530,real,F20
1176,150,real,F20
1176,800,real,F20
1177,850,real,F17
1177,170,real,F17
1177,780,real,F17
1177,600,real,F17
1177,460,real,F17
1178,220,real,F15
1178,840,real,F15
1178,550,real,F15
1179,170,real,F10
1179,570,real,F10
1180,570,real,F20
1181,690,real,F20
1181,940,real,F20
1181,700,real,F20
1181,270,real,F17
1182,920,real,F17
1182,350,real,F20
1182,590,real,F20
1183,220,real,F12
1184,240,real,F17
1184,650,real,F17
1184,1000,real,F17
1184,750,real,F20
1184,590,real,F17
1185,200,real,F12
1185,660,real,F12
1186,410,real,F17
1186,890,real,F17
1186,420,real,F17
1186,970,real,F17
1186,430,real,F20
1187,810,real,F19
1187,910,real,F19
1187,1000,real,F19
1187,950,real,F19
1188,1060,real,F20
1188,280,real,F20
1188,1010,real,F20
1189,260,real,F20
1189,150,real,F20
1189,870,real,F20
1189,270,real,F20
1189,960,real,F20
1190,620,real,F16
1190,740,real,F16
1191,600,real,F10
1192,410,real,F13
1192,770,real,F13
1192,580,real,F13
1192,150,real,F13
1192,430,real,F13
1193,100,real,F13
1193,680,real,F13
1193,230,real,F13
1194,280,real,F20
1194,990,real,F20
1195,320,real,F18
1195,800,real,F18
1196,720,real,F14
1196,520,real,F14
1196,550,real,F14
1197,910,real,F18
1198,810,real,F16
1198,180,real,F16
1198,650,real,F16
1198,900,real,F16
1198,270,real,F16
1199,230,real,F19
1199,740,real,F19
1199,500,real,F19
1199,960,real,F19
1199,910,real,F19
1200,690,real,F14
1201,870,real,F20
1201,270,real,F20
1201,400,real,F20
1201,390,real,F20
1201,880,real,F19
1202,950,real,F20
1202,990,real,F20
1202,830,real,F20
1202,440,real,F20
1203,660,real,F20
1203,610,real,F20
1203,1010,real,F20
1203,430,real,F20
1203,400,real,F20
1204,220,real,F5
1204,340,real,F5
1205,1040,real,F20
1205,330,real,F20
1206,890,real,F16
1206,930,real,F16
1207,370,real,F18
1207,390,real,F18
1207,980,real,F18
1207,630,real,F18
1208,430,real,F8
1208,300,real,F14
1208,100,real,F14
1209,1040,real,F20
1210,440,real,F6
1211,270,real,F20
1211,530,real,F20
1211,870,real,F20
1211,690,real,F20
1211,590,real,F20
1212,560,real,F8
1212,290,real,F8
1212,300,real,F8
1213,500,real,F20
1213,810,real,F20
1213,1000,real,F20
1214,600,real,F20
1214,1070,real,F20
1214,380,real,F20
1215,1050,real,F2
1215,590,real,F2
1215,140,real,F2
1215,620,real,F2
1216,340,real,F9
1217,990,real,F18
1218,790,real,F17
1218,700,real,F17
1218,810,real,F17
1219,160,real,F6
1220,940,real,F17
1220,820,real,F20
1220,590,real,F17
1220,220,real,F17
1221,770,real,F16
1221,540,real,F16
1222,720,real,F20
1222,980,real,F20
1222,450,real,F20
1222,730,real,F20
1223,1080,real,F20
1223,670,real,F20
1224,710,real,F14
1225,130,real,F11
1226,190,real,F9
1226,210,real,F9
1226,570,real,F9
1226,550,real,F9
1227,270,real,F12
1227,720,real,F12
1228,590,real,F11
1228,580,real,F11
1228,280,real,F11
1229,510,real,F20
1229,750,real,F20
1229,1020,real,F20
1230,200,real,F20
1230,1030,real,F20
1230,520,real,F20
1230,110,real,F20
1231,540,real,F9
1231,390,real,F9
1231,480,real,F9
1231,130,real,F9
1232,100,real,F19
1232,880,real,F19
1233,750,real,F14
1233,210,real,F14
1234,740,real,F12
1234,580,real,F12
1235,360,real,F7
1236,440,real,F19
1236,1020,real,F19
1236,360,real,F19
1237,870,real,F20
1237,820,real,F17
1237,1000,real,F17
1238,1010,real,F20
1238,690,real,F20
1238,970,real,F20
1238,150,real,F20
1239,840,real,F20
1240,1070,real,F20
1241,380,real,F12
1241,570,real,F12
1242,470,real,F20
1242,360,real,F20
1242,710,real,F20
1242,910,real,F20
1242,1090,real,F20
1243,620,real,F17
1243,230,real,F17
1243,720,real,F17
1244,1090,real,F20
1244,290,real,F20
1245,830,real,F20
1245,1050,real,F20
1245,420,real,F20
1246,730,real,F20
1246,230,real,F20
1246,1020,real,F20
1246,210,real,F20
1246,110,real,F20
1247,1050,real,F20
1248,390,real,F7
1249,790,real,F20
1249,300,real,F20
1249,940,real,F20
1249,320,real,F20
1249,550,real,F20
1250,590,real,F10
1250,440,real,F10
1251,240,real,F4
1252,420,real,F19
1252,390,real,F19
1252,930,real,F19
1252,210,real,F19
1253,210,real,F20
1253,510,real,F20
1253,1080,real,F20
1253,640,real,F20
1254,920,real,F20
1254,950,real,F20
1254,690,real,F20
1254,1030,real,F20
1254,510,real,F20
1255,540,real,F20
1255,820,real,F20
1255,200,real,F20
1255,720,real,F20
1256,180,real,F18
1256,990,real,F18
1256,760,real,F18
1257,770,real,F20
1257,200,real,F17
1257,460,real,F17
1257,190,real,F17
1257,740,real,F17
1258,620,real,F15
1258,320,real,F15
1258,480,real,F20
1258,820,real,F15
1258,720,real,F15
1259,140,real,F14
1259,760,real,F14
1259,390,real,F14
1259,380,real,F14
1260,920,real,F16
1260,620,real,F16
1261,330,real,F17
1262,510,real,F7
1262,350,real,F7
1262,150,real,F7
1262,500,real,F7
1263,910,real,F20
1263,170,real,F20
1263,670,real,F20
1263,450,real,F20
1264,240,real,F17
1264,980,real,F17
1264,580,real,F17
1265,170,real,F4
1266,190,real,F5
1267,860,real,F20
1267,480,real,F20
1267,450,real,F20
1268,400,real,F19
1268,1000,real,F19
1268,790,real,F19
1268,680,real,F19
1269,210,real,F13
1270,360,real,F16
1271,860,real,F16
1271,710,real,F20
1271,700,real,F20
1271,130,real,F20
1271,770,real,F20
1272,270,real,F11
1273,300,real,F7
1274,770,real,F20
1274,400,real,F20
1274,520,real,F20
1275,1050,real,F20
1275,290,real,F20
1276,540,real,F14
1276,220,real,F14
1276,700,real,F14
1277,260,real,F20
1278,500,real,F17
1278,580,real,F17
1278,680,real,F17
1278,860,real,F17
1279,900,real,F20
1279,420,real,F20
1279,670,real,F20
1280,920,real,F20
1281,450,real,F20
1281,390,real,F20
1281,400,real,F20
1281,1090,real,F20
1281,410,real,F20
1282,960,real,F20
1282,110,real,F20
1282,360,real,F20
1283,330,real,F20
1283,490,real,F20
1283,970,real,F20
1283,870,real,F20
1283,320,real,F20
1284,650,real,F20
1284,1080,real,F20
1284,950,real,F20
1284,110,real,F20
1284,780,real,F20
1285,440,real,F18
1285,800,real,F18
1285,1010,real,F18
1286,580,real,F10
1287,510,real,F20
1287,570,real,F20
1287,950,real,F20
1287,1060,real,F20
1288,530,real,F20
1288,960,real,F20
1288,1070,real,F20
1288,680,real,F20
1289,220,real,F19
1289,1040,real,F19
1289,310,real,F19
1290,830,real,F20
1290,1090,real,F20
1291,760,real,F13
1291,620,real,F13
1292,410,real,F5
1293,500,real,F8
1294,850,real,F20
1294,930,real,F20
1295,770,real,F15
1295,540,real,F18
1295,210,real,F18
1295,440,real,F18
1296,1060,real,F20
1297,390,real,F10
1297,580,real,F10
1297,300,real,F10
1297,620,real,F10
1298,780,real,F20
1298,210,real,F20
1298,520,real,F20
1298,1080,real,F20
1299,400,real,F9
1299,560,real,F9
1300,960,real,F20
1300,950,real,F20
1300,330,real,F20
1301,760,real,F14
1302,450,real,F10
1302,480,real,F10
1303,250,real,F12
1304,1030,real,F20
1304,290,real,F20
1304,470,real,F20
1305,790,real,F20
1305,230,real,F19
1305,170,real,F19
1305,320,real,F19
1305,940,real,F19
1306,1060,real,F20
1306,490,real,F20
1306,240,real,F20
1307,740,real,F15
1307,830,real,F20
1307,190,real,F20
1307,330,real,F20
1307,870,real,F20
1308,160,real,F4
1308,320,real,F4
1309,140,real,F8
1309,540,real,F8
1309,310,real,F8
1310,240,real,F19
1310,140,real,F19
1310,840,real,F19
1311,130,real,F16
1311,790,real,F16
1312,530,real,F14
1312,760,real,F14
1312,400,real,F14
1312,240,real,F14
1312,200,real,F14
1313,230,real,F20
1313,990,real,F20
1314,850,real,F20
1314,210,real,F20
1315,220,real,F20
1315,1070,real,F20
1315,1050,real,F20
1315,200,real,F20
1316,190,real,F20
1316,910,real,F20
1316,890,real,F20
1317,130,real,F15
1317,630,real,F15
1317,770,real,F20
1318,950,real,F19
1319,380,real,F5
1320,390,real,F11
1320,630,real,F11
1321,260,real,F3
1322,450,real,F9
1323,890,real,F20
1323,520,real,F20
1324,380,real,F20
1324,630,real,F20
1324,810,real,F20
1324,1010,real,F20
1324,720,real,F20
1325,880,real,F15
1325,210,real,F15
1325,800,real,F15
1325,360,real,F15
1325,200,real,F15
1326,110,real,F15
1326,450,real,F15
1326,400,real,F15
1326,790,real,F15
1326,720,real,F20
1327,590,real,F10
1328,1000,real,F18
1328,1010,real,F20
1328,170,real,F20
1328,210,real,F20
1328,560,real,F20
1329,110,real,F6
1330,1060,real,F20
1330,800,real,F20
1330,760,real,F20
1330,340,real,F20
1330,1000,real,F20
1331,1090,real,F20
1332,820,real,F20
1332,720,real,F20
1332,550,real,F20
1332,880,real,F20
1332,600,real,F20
1333,550,real,F20
1333,680,real,F20
1333,1090,real,F20
1333,700,real,F20
1333,610,real,F20
1334,840,real,F19
1334,230,real,F19
1334,660,real,F19
1334,860,real,F19
1334,830,real,F19
1335,350,real,F8
1335,130,real,F8
1335,150,real,F8
1335,260,real,F8
1336,430,real,F9
1336,100,real,F9
1336,280,real,F9
1337,380,real,F13
1337,510,real,F13
1337,700,real,F13
1338,1070,real,F20
1338,940,real,F20
1338,250,real,F20
1339,760,real,F13
1340,490,real,F17
1340,230,real,F17
1340,580,real,F17
1340,990,real,F17
1340,140,real,F17
1341,320,real,F11
1341,330,real,F11
1341,510,real,F9
1342,820,real,F19
1342,290,real,F19
1342,400,real,F19
1342,530,real,F19
1343,590,real,F14
1344,660,real,F14
1344,750,real,F14
1345,510,real,F20
1345,1080,real,F20
1345,710,real,F20
1345,720,real,F20
1345,610,real,F20
1346,380,real,F10
1347,210,real,F20
1347,930,real,F20
1348,230,real,F20
1348,110,real,F20
1348,760,real,F20
1348,970,real,F20
1349,590,real,F12
1350,750,real,F20
1350,690,real,F20
1350,1080,real,F20
1350,320,real,F20
1351,1030,real,F20
1351,710,real,F20
1352,150,real,F20
1352,740,real,F16
1352,290,real,F20
1352,280,real,F20
1352,810,real,F20
1353,400,real,F11
1353,650,real,F11
1354,750,real,F20
1354,550,real,F20
1354,1030,real,F20
1354,360,real,F20
1354,130,real,F20
1355,160,real,F9
1355,200,real,F9
1355,400,real,F9
1355,190,real,F9
1356,290,real,F11
1356,460,real,F11
1356,350,real,F11
1356,570,real,F11
1356,260,real,F11
1357,100,real,F12
1358,730,real,F13
1359,220,real,F20
1359,680,real,F20
1359,1010,real,F20
1359,380,real,F20
1360,620,real,F20
1360,1060,real,F20
1360,160,real,F20
1360,920,real,F20
1360,370,real,F20
1361,1050,real,F20
1361,320,real,F20
1362,630,real,F20
1362,260,real,F15
1362,400,real,F20
1362,810,real,F20
1363,180,real,F8
1363,190,real,F8
1364,330,real,F11
1364,460,real,F11
1365,670,real,F20
1365,500,real,F20
1366,280,real,F14
1366,180,real,F7
1366,110,real,F7
1367,270,real,F6
1368,360,real,F6
1368,270,real,F6
1369,700,real,F14
1369,670,real,F14
1369,520,real,F14
1369,250,real,F14
1369,780,real,F14
1370,730,real,F15
1370,790,real,F15
1371,890,real,F15
1372,1060,real,F20
1372,190,real,F20
1373,520,real,F17
1373,590,real,F17
1373,980,real,F17
1373,190,real,F17
1374,1050,real,F20
1375,650,real,F11
1375,430,real,F11
1375,500,real,F11
1376,940,real,F18
1376,890,real,F18
1376,500,real,F18
1376,400,real,F18
1377,890,real,F20
1377,540,real,F17
1377,360,real,F20
1378,670,real,F17
1378,290,real,F17
1379,190,real,F12
1379,130,real,F12
1379,100,real,F12
1379,580,real,F12
1380,150,real,F15
1380,210,real,F15
1380,850,real,F15
1381,990,real,F20
1381,1040,real,F20
1382,290,real,F20
1382,470,real,F20
1382,760,real,F20
1382,300,real,F20
1383,510,real,F18
1383,1010,real,F18
1383,210,real,F18
1384,600,real,F15
1384,440,real,F15
1384,830,real,F15
1385,1050,real,F20
1385,550,real,F20
1385,430,real,F20
1385,530,real,F20
1385,910,real,F20
1386,330,real,F20
1386,820,real,F19
1386,510,real,F19
1386,1040,real,F19
1387,420,real,F15
1387,140,real,F15
1387,580,real,F15
1387,320,real,F15
1387,890,real,F15
1388,570,real,F11
1388,290,real,F11
1389,1010,real,F18
1389,900,real,F18
1390,150,real,F15
1390,330,real,F15
1390,820,real,F20
1390,740,real,F15
1390,220,real,F20
1391,710,real,F16
1391,890,real,F16
1391,670,real,F16
1391,790,real,F16
1391,750,real,F16
1392,640,real,F20
1392,1010,real,F20
1392,550,real,F20
1392,290,real,F20
1392,1030,real,F20
1393,800,real,F19
1393,550,real,F19
1393,700,real,F19
1394,660,real,F20
1394,520,real,F20
1394,790,real,F20
1394,570,real,F20
1394,800,real,F20
1395,1070,real,F20
1395,620,real,F20
1395,400,real,F20
1396,340,real,F20
1396,160,real,F20
1396,970,real,F20
1397,870,real,F20
1397,580,real,F20
1397,520,real,F20
1398,520,real,F17
1398,830,real,F20
1399,310,real,F10
1399,400,real,F10
1399,620,real,F10
1400,620,real,F10
1400,540,real,F14
1401,420,real,F20
1402,660,real,F14
1402,200,real,F14
1403,740,real,F13
1403,210,real,F13
1403,770,real,F13
1403,610,real,F13
1403,170,real,F13
1404,110,real,F20
1404,620,real,F20
1404,810,real,F20
1404,430,real,F20
1404,900,real,F20
1405,650,real,F13
1405,220,real,F13
1405,560,real,F13
1406,940,real,F20
1407,1090,real,F20
1407,690,real,F20
1407,400,real,F20
1407,800,real,F20
1408,280,real,F15
1408,540,real,F15
1408,880,real,F15
1408,660,real,F15
1409,560,real,F16
1409,500,real,F16
1409,810,real,F16
1409,450,real,F20
1410,490,real,F20
1410,370,real,F16
1410,320,real,F16
1410,850,real,F16
1410,410,real,F16
1411,550,real,F9
1411,570,real,F9
1412,690,real,F16
1412,620,real,F16
1412,210,real,F16
1413,660,real,F20
1413,190,real,F20
1413,750,real,F20
1413,880,real,F20
1413,760,real,F20
1414,260,real,F4
1415,970,real,F18
1415,550,real,F20
1415,720,real,F18
1416,790,real,F14
1416,300,real,F14
1416,190,real,F14
1417,350,real,F10
1417,300,real,F10
1417,520,real,F10
1417,560,real,F10
1417,100,real,F10
1418,800,real,F20
1419,120,real,F20
1419,980,real,F16
1420,980,real,F20
1420,1070,real,F20
1421,720,real,F17
1421,910,real,F17
1421,350,real,F17
1422,1060,real,F20
1423,380,real,F9
1423,420,real,F9
1423,240,real,F9
1424,140,real,F12
1425,620,real,F17
1425,790,real,F17
1425,230,real,F17
1425,410,real,F17
1425,940,real,F17
1426,600,real,F14
1427,560,real,F13
1427,740,real,F12
1428,340,real,F14
1429,240,real,F20
1429,930,real,F20
1429,1030,real,F20
1429,310,real,F20
1430,380,real,F19
1430,250,real,F19
1430,880,real,F19
1431,230,real,F4
1431,170,real,F4
1431,210,real,F4
1432,570,real,F20
1432,790,real,F20
1433,920,real,F20
1433,320,real,F20
1433,950,real,F20
1433,440,real,F16
1433,140,real,F20
1434,1050,real,F20
1434,970,real,F20
1434,940,real,F20
1434,660,real,F20
1435,400,real,F14
1436,220,real,F20
1436,780,real,F16
1436,910,real,F16
1437,540,real,F11
1437,130,real,F11
1438,720,real,F12
1439,440,real,F7
1440,830,real,F15
1441,320,real,F5
1442,330,real,F20
1442,100,real,F20
1442,1080,real,F20
1443,370,real,F19
1443,960,real,F19
1444,210,real,F11
1444,560,real,F11
1445,680,real,F20
1445,890,real,F20
1446,420,real,F18
1446,230,real,F18
1446,820,real,F18
1447,980,real,F20
1447,270,real,F20
1448,760,real,F20
1448,670,real,F20
1448,920,real,F20
1448,220,real,F20
1449,110,real,F20
1449,980,real,F20
1449,920,real,F20
1449,250,real,F20
1450,640,real,F20
1450,1020,real,F20
1450,920,real,F20
1450,1070,real,F20
1451,660,real,F18
1451,570,real,F20
1452,530,real,F14
1452,390,real,F14
1452,640,real,F14
1452,780,real,F14
1453,990,real,F20
1453,290,real,F20
1453,670,real,F20
1453,710,real,F20
1453,160,real,F20
1454,870,real,F15
1454,520,real,F15
1455,910,real,F20
1455,980,real,F20
1455,570,real,F20
1456,1090,real,F20
1456,400,real,F20
1456,350,real,F20
1457,980,real,F20
1457,1030,real,F20
1457,510,real,F20
1457,450,real,F20
1458,700,real,F17
1458,380,real,F17
1458,140,real,F17
1458,850,real,F17
1459,660,real,F13
1459,690,real,F13
1459,450,real,F13
1459,220,real,F13
1460,700,real,F20
1460,690,real,F20
1461,760,real,F19
1461,910,real,F19
1461,370,real,F19
1461,240,real,F19
1461,250,real,F19
1462,280,real,F7
1463,100,real,F13
1463,580,real,F13
1464,480,real,F16
1464,560,real,F16
1465,360,real,F20
1465,640,real,F20
1465,660,real,F20
1465,1010,real,F20
1465,230,real,F20
1466,260,real,F8
1466,490,real,F8
1466,520,real,F8
1467,280,real,F12
1468,560,real,F20
1468,670,real,F20
1468,1030,real,F20
1469,1090,real,F20
1470,360,real,F20
1470,1050,real,F20
1470,920,real,F20
1470,130,real,F20
1470,660,real,F20
1471,470,real,F20
1471,160,real,F20
1471,710,real,F20
1472,620,real,F11
1473,620,real,F20
1473,380,real,F20
1473,230,real,F20
1473,1060,real,F20
1474,100,real,F12
1474,170,real,F12
1474,600,real,F12
1475,1000,real,F20
1476,870,real,F18
1476,430,real,F18
1476,400,real,F18
1476,310,real,F18
1477,370,real,F12
1478,170,real,F6
1478,370,real,F6
1479,360,real,F20
1479,1030,real,F20
1479,150,real,F20
1479,270,real,F20
1479,250,real,F20
1480,220,real,F19
1480,140,real,F19
1480,1030,real,F19
1480,280,real,F19
1481,800,real,F17
1481,930,real,F17
1481,890,real,F17
1481,320,real,F17
1481,600,real,F17
1482,930,real,F20
1482,720,real,F20
1483,410,real,F20
1483,930,real,F20
1483,800,real,F20
1483,960,real,F20
1484,530,real,F11
1484,580,real,F11
1485,1020,real,F20
1485,490,real,F20
1485,970,real,F20
1485,760,real,F20
1486,250,real,F20
1486,990,real,F20
1486,670,real,F20
1486,500,real,F20
1486,150,real,F20
1487,130,real,F20
1487,290,real,F20
1487,750,real,F20
1487,270,real,F20
1487,1070,real,F20
1488,290,real,F11
1488,300,real,F11
1488,130,real,F11
1489,170,real,F16
1489,230,real,F20
1489,580,real,F16
1489,850,real,F20
1490,620,real,F13
1490,330,real,F13
1490,170,real,F13
1490,500,real,F13
1491,890,real,F15
1491,420,real,F15
1491,170,real,F15
1491,710,real,F15
1491,800,real,F15
1492,980,real,F18
1493,720,real,F12
1493,710,real,F12
1493,400,real,F12
1493,590,real,F12
1493,450,real,F12
1494,1040,real,F20
1495,880,real,F20
1496,410,real,F13
1496,220,real,F13
1496,500,real,F13
1496,760,real,F13
1497,900,real,F20
1497,130,real,F20
1498,440,real,F18
1498,880,real,F18
1499,870,real,F15
1499,170,real,F15
1499,770,real,F15
1499,730,real,F15
1499,410,real,F18
1500,780,real,F20
1501,140,real,F20
1501,150,real,F20
1501,200,real,F20
1501,820,real,F20
1502,120,real,F6
1503,870,real,F15
1504,240,real,F5
1505,420,real,F8
1505,520,real,F8
1506,790,real,F18
1506,1010,real,F18
1506,920,real,F18
1506,260,real,F18
1506,670,real,F18
1507,320,real,F17
1507,970,real,F17
1507,450,real,F17
1507,740,real,F17
1507,200,real,F17
1508,440,real,F15
1508,260,real,F15
1508,850,real,F15
1509,430,real,F9
1510,700,real,F15
1511,780,real,F14
1512,120,real,F16
1512,580,real,F16
1512,570,real,F16
1512,910,real,F16
1513,370,real,F20
1513,1080,real,F20
1513,890,real,F20
1513,480,real,F20
1514,260,real,F19
1514,1050,real,F19
1514,990,real,F19
1514,610,real,F19
1514,300,real,F19
1515,630,real,F10
1516,840,real,F15
1517,930,real,F20
1517,1000,real,F17
1517,660,real,F20
1517,110,real,F20
1517,390,real,F20
1518,820,real,F15
1519,760,real,F20
1519,1070,real,F20
1520,240,real,F7
1521,980,real,F16
1521,740,real,F16
1521,670,real,F16
1522,300,real,F18
1522,700,real,F18
1522,870,real,F18
1522,800,real,F18
1523,890,real,F20
1524,480,real,F18
1525,280,real,F13
1525,690,real,F13
1525,130,real,F13
1526,710,real,F20
1526,530,real,F20
1526,1090,real,F20
1526,410,real,F20
1526,340,real,F20
1527,560,real,F20
1527,960,real,F20
1527,250,real,F20
1527,990,real,F20
1527,390,real,F20
1528,160,real,F13
1528,640,real,F13
1528,510,real,F13
1528,310,real,F13
1529,510,real,F9
1530,810,real,F20
1531,360,real,F11
1531,420,real,F11
1532,380,real,F18
1532,990,real,F17
1532,410,real,F17
1532,430,real,F17
1533,610,real,F20
1533,1080,real,F20
1533,790,real,F20
1534,1060,real,F20
1534,800,real,F20
1535,100,real,F3
1536,260,real,F15
1536,540,real,F15
1536,880,real,F15
1537,870,real,F15
1537,480,real,F15
1537,840,real,F15
1537,510,real,F15
1538,1040,real,F20
1538,420,real,F20
1538,1070,real,F20
1538,260,real,F20
1538,440,real,F20
1539,120,real,F20
1539,1060,real,F20
1539,470,real,F20
1540,680,real,F20
1540,150,real,F20
1540,860,real,F20
1540,130,real,F20
1541,840,real,F20
1541,360,real,F20
1541,410,real,F20
1542,830,real,F20
1542,470,real,F20
1542,310,real,F18
1542,710,real,F20
1542,560,real,F20
1543,100,real,F16
1543,320,real,F16
1543,790,real,F16
1543,390,real,F16
1543,140,real,F16
1544,280,real,F20
1544,1090,real,F20
1544,490,real,F20
1544,980,real,F20
1545,730,real,F19
1545,950,real,F19
1545,120,real,F19
1545,620,real,F19
1546,110,real,F20
1546,950,real,F20
1546,340,real,F20
1546,580,real,F20
1546,540,real,F20
1547,710,real,F12
1547,740,real,F12
1548,840,real,F20
1548,710,real,F20
1548,920,real,F20
1549,1020,real,F20
1550,610,real,F20
1550,500,real,F20
1550,320,real,F20
1550,540,real,F20
1550,1080,real,F20
1551,210,real,F3
1551,110,real,F3
1552,870,real,F15
1553,370,real,F20
1553,570,real,F20
1553,960,real,F20
1553,630,real,F20
1553,220,real,F20
1554,970,real,F17
1555,790,real,F15
1556,610,real,F16
1556,750,real,F16
1556,430,real,F16
1557,480,real,F8
1557,500,real,F8
1557,410,real,F8
1557,200,real,F8
1558,1030,real,F20
1558,210,real,F20
1558,920,real,F20
1558,110,real,F20
1558,520,real,F20
1559,930,simulated,F20
1559,100,simulated,F20
1559,430,simulated,F20
1559,510,simulated,F20
1559,1040,simulated,F20
1560,1000,simulated,F17
1560,980,simulated,F17
1560,890,simulated,F17
1560,580,simulated,F20
1560,410,simulated,F17
1561,180,simulated,F13
1561,700,simulated,F13
1561,260,simulated,F13
1561,230,simulated,F13
1561,170,simulated,F13
1562,1050,simulated,F20
1562,630,simulated,F20
1563,730,simulated,F20
1563,1060,simulated,F20
1563,120,simulated,F20
1564,810,simulated,F20
1565,450,simulated,F8
1565,530,simulated,F8
1565,300,simulated,F8
1565,430,simulated,F8
1566,600,simulated,F13
1567,180,simulated,F10
1567,300,simulated,F10
1567,240,simulated,F10
1568,380,simulated,F13
1568,600,simulated,F13
1569,760,simulated,F19
1569,950,simulated,F19
1569,990,simulated,F17
1570,700,simulated,F20
1570,930,simulated,F20
1570,900,simulated,F20
1570,450,simulated,F20
1571,120,simulated,F20
1571,470,simulated,F20
1571,100,simulated,F20
1571,840,simulated,F20
1571,330,simulated,F20
1572,760,simulated,F20
1572,440,simulated,F20
1572,780,simulated,F20
1572,940,simulated,F20
1572,170,simulated,F20
1573,480,simulated,F2
1574,290,simulated,F16
1574,960,simulated,F16
1575,790,simulated,F16
1576,390,simulated,F10
1577,520,simulated,F9
1577,580,simulated,F9
1578,210,simulated,F20
1578,910,simulated,F16
1578,400,simulated,F16
1579,850,simulated,F15
1579,200,simulated,F15
1580,860,simulated,F20
1580,320,simulated,F20
1580,310,simulated,F20
1580,370,simulated,F20
1581,200,simulated,F20
1581,1020,simulated,F19
1582,890,simulated,F20
1582,790,simulated,F20
1582,450,simulated,F20
1582,620,simulated,F20
1582,1030,simulated,F20
1583,360,simulated,F20
1583,290,simulated,F20
1583,1020,simulated,F20
1584,380,simulated,F20
1584,720,simulated,F20
1584,1010,simulated,F20
1585,1040,simulated,F20
1585,260,simulated,F20
1585,640,simulated,F20
1585,290,simulated,F20
1586,170,simulated,F8
1586,340,simulated,F8
1586,400,simulated,F8
1586,120,simulated,F8
1586,570,simulated,F8
1587,300,simulated,F20
1587,260,simulated,F20
1587,810,simulated,F20
1587,710,simulated,F15
1588,710,simulated,F20
1588,750,simulated,F20
1588,1090,simulated,F20
1588,140,simulated,F20
1589,900,simulated,F20
1589,620,simulated,F20
1589,220,simulated,F20
1589,950,simulated,F20
1590,1090,simulated,F20
1590,1080,simulated,F20
1590,600,simulated,F20
1590,1000,simulated,F20
1591,450,simulated,F11
1591,330,simulated,F11
1591,290,simulated,F11
1591,660,simulated,F11
1591,150,simulated,F11
1592,650,simulated,F11
1593,370,simulated,F17
1593,940,simulated,F20
1593,740,simulated,F17
1594,520,simulated,F13
1594,770,simulated,F13
1594,500,simulated,F13
1594,200,simulated,F13
1595,930,simulated,F20
1595,890,simulated,F20
1595,1090,simulated,F20
1595,580,simulated,F20
1596,510,simulated,F10
1596,200,simulated,F10
1597,380,simulated,F8
1597,460,simulated,F8
1598,1080,simulated,F20
1598,650,simulated,F20
1599,790,simulated,F16
1599,570,simulated,F16
1599,100,simulated,F16
1599,870,simulated,F20
1599,980,simulated,F16
1600,210,simulated,F11
1601,580,simulated,F8
1601,310,simulated,F8
1601,350,simulated,F8
1601,250,simulated,F8
1602,280,simulated,F6
1603,450,simulated,F14
1603,770,simulated,F14
1603,760,simulated,F14
1603,320,simulated,F14
1603,300,simulated,F14
1604,710,simulated,F20
1604,470,simulated,F20
1604,730,simulated,F20
1604,810,simulated,F20
1605,350,simulated,F20
1606,910,simulated,F20
1606,810,simulated,F20
1607,170,simulated,F1
1607,250,simulated,F1
1608,1030,simulated,F20
1609,540,simulated,F9
1609,570,simulated,F9
1609,560,simulated,F9
1609,270,simulated,F9
1610,450,simulated,F20
1610,290,simulated,F20
1610,1030,simulated,F20
1611,340,simulated,F20
1611,920,simulated,F20
1611,160,simulated,F20
1611,980,simulated,F20
1612,680,simulated,F20
1612,150,simulated,F20
1612,1060,simulated,F20
1612,390,simulated,F20
1612,890,simulated,F20
1613,600,simulated,F17
1613,980,simulated,F17
1614,890,simulated,F15
1614,580,simulated,F15
1614,650,simulated,F15
1614,830,simulated,F15
1615,960,simulated,F20
1615,150,simulated,F16
1615,780,simulated,F20
1616,790,simulated,F14
1617,860,simulated,F20
1617,630,simulated,F20
1617,700,simulated,F20
1617,390,simulated,F20
1618,350,simulated,F20
1618,850,simulated,F20
1618,120,simulated,F20
1619,620,simulated,F20
1619,410,simulated,F20
1619,250,simulated,F20
1619,450,simulated,F20
1619,1060,simulated,F20
1620,620,simulated,F15
1620,700,simulated,F15
1620,670,simulated,F15
1620,830,simulated,F15
1620,500,simulated,F15
1621,970,simulated,F20
1621,530,simulated,F20
1621,470,simulated,F20
1621,830,simulated,F20
1622,350,simulated,F10
1622,240,simulated,F10
1622,480,simulated,F10
1622,200,simulated,F10
1623,390,simulated,F15
1623,450,simulated,F15
1623,730,simulated,F15
1623,220,simulated,F15
1624,650,simulated,F16
1624,120,simulated,F18
1624,160,simulated,F18
1624,970,simulated,F18
1625,740,simulated,F13
1625,720,simulated,F13
1625,330,simulated,F13
1625,570,simulated,F13
1625,110,simulated,F13
1626,870,simulated,F16
1626,460,simulated,F16
1626,880,simulated,F16
1626,160,simulated,F16
1627,430,simulated,F14
1627,520,simulated,F14
1627,410,simulated,F14
1627,690,simulated,F14
1628,890,simulated,F20
1628,140,simulated,F20
1628,110,simulated,F20
1629,490,simulated,F11
1629,530,simulated,F13
1629,340,simulated,F13
1630,1070,simulated,F20
1630,940,simulated,F20
1630,630,simulated,F20
1631,460,simulated,F12
1631,210,simulated,F12
1631,630,simulated,F12
1632,320,simulated,F17
1632,350,simulated,F17
1632,270,simulated,F17
1632,870,simulated,F17
1633,180,simulated,F16
1633,890,simulated,F16
1633,950,simulated,F16
1633,520,simulated,F16
1633,340,simulated,F16
1634,480,simulated,F20
1634,770,simulated,F20
1634,1050,simulated,F20
1634,470,simulated,F20
1634,200,simulated,F20
1635,780,simulated,F14
1635,650,simulated,F14
1636,1080,simulated,F20
1637,210,simulated,F5
1637,110,simulated,F5
1638,340,simulated,F13
1638,130,simulated,F13
1639,1040,simulated,F20
1639,950,simulated,F20
1639,830,simulated,F20
1639,1020,simulated,F20
1640,660,simulated,F18
1640,930,simulated,F18
1641,890,simulated,F18
1641,500,simulated,F18
1642,760,simulated,F17
1642,970,simulated,F17
1643,390,simulated,F5
1643,400,simulated,F5
1643,420,simulated,F5
1643,200,simulated,F5
1644,740,simulated,F20
1644,1010,simulated,F20
1644,710,simulated,F20
1644,300,simulated,F20
1645,170,simulated,F8
1645,260,simulated,F8
1645,300,simulated,F8
1646,490,simulated,F11
1646,540,simulated,F11
1646,370,simulated,F11
1646,480,simulated,F11
1647,800,simulated,F20
1648,940,simulated,F17
1648,530,simulated,F17
1648,250,simulated,F17
1648,650,simulated,F17
1649,1010,simulated,F18
1649,240,simulated,F18
1650,360,simulated,F19
1650,170,simulated,F19
1650,230,simulated,F19
1650,940,simulated,F19
1651,500,simulated,F15
1651,690,simulated,F15
1651,850,simulated,F15
1651,400,simulated,F15
1651,160,simulated,F15
1652,340,simulated,F20
1652,1080,simulated,F20
1653,330,simulated,F4
1654,410,simulated,F20
1654,990,simulated,F20
1654,190,simulated,F20
1654,1030,simulated,F20
1654,480,simulated,F20
1655,960,simulated,F20
1655,410,simulated,F20
1656,280,simulated,F4
1656,150,simulated,F4
1657,650,simulated,F20
1657,1050,simulated,F20
1657,200,simulated,F20
1657,620,simulated,F20
1657,370,simulated,F20
1658,1040,simulated,F20
1658,940,simulated,F20
1658,550,simulated,F20
1659,840,simulated,F15
1659,590,simulated,F15
1659,140,simulated,F15
1660,450,simulated,F2
1660,660,simulated,F2
1661,990,simulated,F20
1661,530,simulated,F20
1661,1090,simulated,F20
1662,810,simulated,F16
1662,410,simulated,F16
1662,300,simulated,F16
1662,180,simulated,F16
1663,550,simulated,F18
1663,970,simulated,F20
1663,910,simulated,F18
1664,220,simulated,F9
1664,410,simulated,F9
1665,280,simulated,F20
1665,430,simulated,F20
1665,770,simulated,F20
1665,850,simulated,F20
1665,1080,simulated,F20
1666,200,simulated,F19
1666,1000,simulated,F19
1667,510,simulated,F20
1667,670,simulated,F20
1667,920,simulated,F20
1667,680,simulated,F20
1668,160,simulated,F9
1668,250,simulated,F9
1669,220,simulated,F20
1669,890,simulated,F18
1669,260,simulated,F20
1670,410,simulated,F10
1670,630,simulated,F10
1671,110,simulated,F16
1671,260,simulated,F20
1671,970,simulated,F16
1671,530,simulated,F16
1671,270,simulated,F16
1672,490,simulated,F9
1673,500,simulated,F14
1673,200,simulated,F14
1674,380,simulated,F17
1674,940,simulated,F20
1674,370,simulated,F20
1674,800,simulated,F20
1674,480,simulated,F20
1675,1090,simulated,F20
1675,160,simulated,F20
1675,190,simulated,F20
1675,660,simulated,F20
1676,340,simulated,F15
1677,300,simulated,F16
1677,870,simulated,F16
1677,530,simulated,F16
1677,570,simulated,F16
1678,260,simulated,F9
1678,270,simulated,F9
1678,600,simulated,F9
1679,620,simulated,F20
1679,220,simulated,F20
1679,790,simulated,F20
1680,240,simulated,F8
1681,530,simulated,F13
1682,280,simulated,F20
1682,820,simulated,F20
1682,1030,simulated,F20
1683,1030,simulated,F20
1683,990,simulated,F20
1683,540,simulated,F20
1684,120,simulated,F7
1685,590,simulated,F20
1685,820,simulated,F20
1686,800,simulated,F20
1686,210,simulated,F20
1686,990,simulated,F20
1687,560,simulated,F20
1687,1010,simulated,F20
1687,270,simulated,F20
1688,810,simulated,F16
1688,710,simulated,F16
1688,720,simulated,F16
1688,110,simulated,F16
1688,450,simulated,F16
1689,940,simulated,F20
1689,570,simulated,F20
1690,660,simulated,F20
1690,1090,simulated,F20
1690,770,simulated,F20
1690,180,simulated,F20
1691,560,simulated,F17
1691,160,simulated,F8
1692,460,simulated,F18
1692,380,simulated,F18
1693,160,simulated,F10
1693,530,simulated,F10
1693,620,simulated,F10
1693,220,simulated,F10
1694,980,simulated,F18
1694,820,simulated,F18
1694,490,simulated,F18
1695,500,simulated,F7
1696,470,simulated,F19
1696,300,simulated,F19
1696,720,simulated,F19
1696,790,simulated,F19
1697,470,simulated,F13
1697,160,simulated,F13
1697,300,simulated,F13
1697,450,simulated,F13
1698,760,simulated,F20
1698,460,simulated,F20
1698,1000,simulated,F20
1698,780,simulated,F20
1698,1040,simulated,F20
1699,160,simulated,F20
1699,680,simulated,F20
1699,860,simulated,F20
1699,1010,simulated,F20
1699,340,simulated,F20
1700,1060,simulated,F20
1700,350,simulated,F20
1700,930,simulated,F20
1700,750,simulated,F20
1700,860,simulated,F20
1701,210,simulated,F20
1701,590,simulated,F20
1701,810,simulated,F20
1701,930,simulated,F20
1702,160,simulated,F20
1702,670,simulated,F20
1702,1060,simulated,F20
1703,870,simulated,F15
1703,400,simulated,F15
1704,610,simulated,F13
1704,640,simulated,F13
1705,930,simulated,F20
1706,990,simulated,F17
1706,290,simulated,F17
1706,130,simulated,F17
1706,390,simulated,F17
1707,280,simulated,F19
1707,460,simulated,F19
1707,630,simulated,F19
1707,710,simulated,F19
1708,640,simulated,F18
1708,1010,simulated,F18
1708,820,simulated,F18
1709,640,simulated,F10
1710,710,simulated,F14
1711,770,simulated,F20
1712,410,simulated,F8
1712,280,simulated,F8
1712,350,simulated,F8
1712,560,simulated,F8
1712,100,simulated,F8
1713,330,simulated,F14
1713,750,simulated,F14
1713,160,simulated,F14
1714,980,simulated,F20
1714,1050,simulated,F20
1714,390,simulated,F20
1715,880,simulated,F20
1715,1050,simulated,F20
1715,620,simulated,F20
1716,220,simulated,F12
1716,690,simulated,F12
1716,190,simulated,F12
1717,570,simulated,F20
1717,270,simulated,F20
1717,1060,simulated,F20
1717,950,simulated,F20
1717,770,simulated,F20
1718,860,simulated,F17
1718,280,simulated,F17
1718,800,simulated,F17
1718,720,simulated,F17
1718,250,simulated,F17
1719,250,simulated,F20
1719,720,simulated,F20
1719,1010,simulated,F20
1720,230,simulated,F17
1720,970,simulated,F17
1720,180,simulated,F17
1720,820,simulated,F17
1720,130,simulated,F17
1721,150,simulated,F3
1721,200,simulated,F3
1722,210,simulated,F18
1722,480,simulated,F18
1722,880,simulated,F18
1722,980,simulated,F18
1723,150,simulated,F13
1723,770,simulated,F13
1723,540,simulated,F13
1723,620,simulated,F13
1724,640,simulated,F13
1724,490,simulated,F13
1724,530,simulated,F13
1725,300,simulated,F20
1725,750,simulated,F20
1725,830,simulated,F20
1726,900,simulated,F20
1726,920,simulated,F20
1726,350,simulated,F20
1727,790,simulated,F20
1727,780,simulated,F20
1727,820,simulated,F20
1727,630,simulated,F20
1727,280,simulated,F20
1728,1030,simulated,F20
1728,380,simulated,F20
1728,720,simulated,F20
1728,960,simulated,F20
1729,430,simulated,F20
1729,920,simulated,F18
1729,500,simulated,F18
1730,150,simulated,F9
1731,600,simulated,F16
1731,450,simulated,F16
1731,220,simulated,F16
1731,830,simulated,F16
1731,780,simulated,F16
1732,1020,simulated,F20
1732,770,simulated,F20
1732,100,simulated,F20
1732,160,simulated,F20
1733,690,simulated,F20
1733,850,simulated,F20
1733,210,simulated,F20
1733,750,simulated,F20
1734,710,simulated,F16
1734,580,simulated,F16
1734,290,simulated,F16
1734,930,simulated,F16
1735,670,simulated,F20
1735,1070,simulated,F20
1735,890,simulated,F20
1735,220,simulated,F20
1735,480,simulated,F20
1736,310,simulated,F10
1736,570,simulated,F10
1736,190,simulated,F10
1736,110,simulated,F10
1737,360,simulated,F9
1737,280,simulated,F9
1737,270,simulated,F9
1737,570,simulated,F9
1737,240,simulated,F9
1738,720,simulated,F15
1738,380,simulated,F20
1738,520,simulated,F20
1738,850,simulated,F20
1739,1050,simulated,F19
1739,980,simulated,F19
1739,960,simulated,F19
1739,730,simulated,F19
1739,220,simulated,F19
1740,1010,simulated,F20
1740,870,simulated,F20
1741,930,simulated,F19
1742,680,simulated,F13
1742,460,simulated,F13
1743,580,simulated,F14
1743,340,simulated,F14
1743,790,simulated,F14
1744,120,simulated,F20
1744,890,simulated,F20
1744,670,simulated,F20
1744,630,simulated,F20
1744,850,simulated,F20
1745,500,simulated,F20
1745,1000,simulated,F20
1745,160,simulated,F20
1745,590,simulated,F20
1746,220,simulated,F19
1746,820,simulated,F19
1747,780,simulated,F15
1748,940,simulated,F20
1748,140,simulated,F20
1748,230,simulated,F18
1748,650,simulated,F20
1748,380,simulated,F20
1749,200,simulated,F16
1749,880,simulated,F16
1749,340,simulated,F16
1750,190,simulated,F12
1750,570,simulated,F12
1751,770,simulated,F20
1751,280,simulated,F20
1751,130,simulated,F20
1751,580,simulated,F20
1751,1060,simulated,F20
1752,1060,simulated,F20
1752,950,simulated,F20
