order_id,item_id,order_type
1,650,real
1,770,real
1,830,real
1,760,real
1,160,real
2,240,real
2,320,real
2,100,real
2,720,real
3,220,real
3,380,real
4,1080,real
4,200,real
4,770,real
4,340,real
4,660,real
5,1090,real
6,920,real
6,130,real
6,410,real
6,830,real
7,300,real
7,1090,real
7,360,real
7,610,real
8,170,real
9,900,real
9,1080,real
9,920,real
10,220,real
10,390,real
10,280,real
10,470,real
10,710,real
11,1060,real
11,380,real
11,260,real
11,780,real
11,1010,real
12,430,real
12,280,real
12,960,real
12,270,real
12,560,real
13,980,real
13,510,real
13,1050,real
13,1030,real
13,690,real
14,970,real
14,630,real
14,190,real
14,730,real
15,490,real
16,420,real
16,1010,real
16,620,real
16,1090,real
17,360,real
17,740,real
17,290,real
17,220,real
17,1050,real
18,580,real
18,1040,real
18,560,real
18,570,real
18,930,real
19,520,real
19,810,real
19,590,real
20,160,real
21,210,real
21,370,real
21,560,real
22,300,real
23,220,real
23,1070,real
23,690,real
24,560,real
24,1080,real
25,830,real
25,540,real
26,840,real
26,1010,real
26,210,real
27,400,real
27,490,real
27,520,real
27,100,real
27,850,real
28,730,real
28,280,real
29,370,real
29,780,real
29,160,real
30,830,real
30,390,real
30,940,real
30,510,real
31,840,real
31,490,real
31,630,real
31,590,real
32,910,real
32,100,real
32,220,real
32,480,real
33,160,real
33,930,real
33,600,real
34,1060,real
35,900,real
36,980,real
36,730,real
37,830,real
37,1040,real
37,500,real
37,650,real
38,880,real
38,180,real
38,190,real
38,330,real
39,120,real
39,150,real
39,730,real
40,310,real
40,460,real
41,430,real
41,740,real
42,640,real
42,1050,real
43,1050,real
43,1040,real
43,200,real
44,1060,real
44,880,real
45,810,real
45,570,real
45,990,real
46,1050,real
46,770,real
46,290,real
46,740,real
47,770,real
47,100,real
47,250,real
47,630,real
47,670,real
48,510,real
49,870,real
49,650,real
50,620,real
50,750,real
50,130,real
51,380,real
51,120,real
51,920,real
52,820,real
52,340,real
53,460,real
53,130,real
54,980,real
54,470,real
55,410,real
55,330,real
55,580,real
56,860,real
56,320,real
57,1020,real
57,310,real
57,1080,real
58,670,real
58,250,real
58,720,real
59,530,real
59,680,real
60,840,real
61,820,real
61,450,real
61,320,real
61,1000,real
62,670,real
62,460,real
62,540,real
62,780,real
62,940,real
63,1030,real
63,480,real
63,910,real
63,260,real
64,420,real
65,990,real
65,380,real
65,370,real
66,670,real
67,280,real
67,1060,real
67,530,real
67,420,real
68,570,real
68,230,real
68,610,real
68,440,real
68,580,real
69,810,real
70,570,real
70,120,real
70,1010,real
70,210,real
71,790,real
71,840,real
71,880,real
71,550,real
72,1060,real
72,540,real
72,620,real
72,800,real
73,1010,real
74,710,real
74,360,real
74,930,real
74,790,real
74,750,real
75,390,real
75,510,real
75,380,real
75,220,real
75,750,real
76,480,real
76,150,real
77,1010,real
77,780,real
77,810,real
77,940,real
78,1030,real
78,270,real
78,480,real
79,370,real
79,610,real
79,470,real
79,860,real
79,220,real
80,640,real
80,380,real
81,1050,real
81,1030,real
81,510,real
81,750,real
82,310,real
82,490,real
82,230,real
82,610,real
83,190,real
83,310,real
83,440,real
83,460,real
84,450,real
84,880,real
85,300,real
86,160,real
86,810,real
87,890,real
87,310,real
87,270,real
87,190,real
87,170,real
88,810,real
88,470,real
88,200,real
89,820,real
89,390,real
90,920,real
91,920,real
91,830,real
91,150,real
91,630,real
92,920,real
92,220,real
92,1010,real
92,270,real
92,340,real
93,710,real
93,1090,real
93,470,real
93,310,real
94,940,real
95,410,real
95,510,real
96,1070,real
96,950,real
97,310,real
98,310,real
98,540,real
98,1050,real
98,720,real
98,290,real
99,950,real
99,590,real
99,960,real
99,690,real
100,670,real
100,980,real
100,410,real
100,340,real
100,360,real
101,960,real
101,320,real
102,730,real
102,490,real
102,340,real
102,250,real
103,1030,real
103,440,real
104,590,real
104,720,real
104,380,real
104,610,real
104,430,real
105,450,real
106,450,real
106,610,real
106,220,real
106,760,real
106,590,real
107,900,real
107,160,real
108,840,real
108,670,real
108,540,real
108,510,real
109,720,real
109,280,real
109,440,real
109,960,real
109,160,real
110,290,real
110,730,real
110,1040,real
110,680,real
110,750,real
111,1080,real
111,1010,real
111,320,real
112,900,real
112,870,real
112,680,real
113,520,real
113,170,real
113,240,real
113,460,real
113,550,real
114,610,real
115,390,real
116,440,real
116,540,real
117,360,real
117,350,real
117,960,real
118,160,real
118,1050,real
119,870,real
119,740,real
119,500,real
119,1060,real
119,880,real
120,830,real
120,370,real
121,190,real
121,380,real
121,710,real
121,940,real
122,730,real
122,220,real
122,770,real
123,650,real
123,320,real
123,210,real
123,600,real
123,220,real
124,160,real
124,530,real
124,180,real
124,590,real
124,680,real
125,720,real
125,1010,real
125,1070,real
126,520,real
126,790,real
126,230,real
126,360,real
127,270,real
128,1050,real
128,560,real
129,450,real
129,660,real
129,1000,real
129,800,real
130,190,real
131,150,real
131,940,real
131,240,real
131,290,real
132,100,real
132,440,real
132,520,real
132,1070,real
133,1000,real
133,800,real
133,220,real
133,190,real
134,1070,real
134,280,real
134,380,real
134,570,real
135,830,real
135,900,real
136,990,real
136,380,real
136,1050,real
137,540,real
137,110,real
138,890,real
138,680,real
138,320,real
138,810,real
138,260,real
139,950,real
139,660,real
139,590,real
139,490,real
139,940,real
140,800,real
141,120,real
141,450,real
142,650,real
142,480,real
143,680,real
143,310,real
143,830,real
144,880,real
145,650,real
145,350,real
146,210,real
146,660,real
146,450,real
146,1060,real
147,280,real
147,930,real
147,370,real
147,680,real
148,130,real
148,720,real
148,100,real
148,800,real
149,640,real
149,660,real
149,830,real
149,1040,real
149,430,real
150,260,real
150,280,real
150,1020,real
150,160,real
151,220,real
152,490,real
153,790,real
153,480,real
153,160,real
153,620,real
153,980,real
154,500,real
154,640,real
154,870,real
155,240,real
156,150,real
156,790,real
156,610,real
157,570,real
157,1020,real
157,560,real
157,350,real
157,930,real
158,890,real
158,550,real
158,900,real
158,700,real
158,270,real
159,350,real
159,650,real
159,920,real
160,290,real
160,160,real
160,540,real
161,510,real
162,550,real
162,940,real
162,400,real
163,1040,real
163,890,real
163,810,real
164,300,real
164,1040,real
164,280,real
164,940,real
165,270,real
165,740,real
165,100,real
166,110,real
166,250,real
167,290,real
168,110,real
168,120,real
169,120,real
169,380,real
170,190,real
171,1040,real
171,510,real
171,900,real
171,730,real
171,460,real
172,430,real
172,1090,real
172,910,real
172,890,real
173,320,real
173,970,real
173,260,real
173,350,real
174,410,real
175,880,real
175,370,real
175,570,real
175,870,real
175,460,real
176,620,real
176,530,real
176,390,real
176,750,real
176,680,real
177,920,real
177,160,real
178,830,real
178,920,real
179,280,real
179,600,real
179,510,real
180,1060,real
181,1040,real
181,260,real
181,750,real
181,500,real
181,410,real
182,510,real
182,790,real
182,1030,real
182,130,real
183,680,real
183,360,real
183,700,real
183,490,real
184,200,real
184,1000,real
184,650,real
184,420,real
184,140,real
185,920,real
185,390,real
185,1020,real
185,190,real
186,680,real
186,520,real
187,1030,real
188,1030,real
188,620,real
188,190,real
189,900,real
190,320,real
190,280,real
191,1070,real
192,410,real
192,120,real
192,750,real
192,840,real
193,410,real
194,700,real
194,740,real
194,860,real
194,850,real
194,160,real
195,1010,real
195,180,real
195,650,real
195,980,real
196,710,real
196,100,real
196,270,real
197,990,real
197,140,real
197,240,real
197,1030,real
198,370,real
198,760,real
199,220,real
199,720,real
199,750,real
199,800,real
200,660,real
200,1080,real
200,450,real
200,980,real
200,890,real
201,1040,real
201,630,real
201,450,real
202,780,real
203,850,real
203,830,real
203,170,real
203,980,real
203,640,real
204,280,real
204,880,real
204,760,real
204,490,real
204,410,real
205,940,real
206,620,real
206,970,real
206,980,real
206,420,real
207,560,real
207,740,real
207,250,real
207,500,real
207,790,real
208,960,real
209,1010,real
209,450,real
209,680,real
210,130,real
210,890,real
210,420,real
211,190,real
211,970,real
211,500,real
211,510,real
211,280,real
212,230,real
212,360,real
212,150,real
213,900,real
214,560,real
214,680,real
214,490,real
214,100,real
215,360,real
216,370,real
217,640,real
217,700,real
217,570,real
218,360,real
219,190,real
220,1020,real
220,910,real
220,490,real
220,170,real
220,300,real
221,690,real
221,280,real
222,820,real
222,1000,real
222,340,real
222,390,real
223,370,real
223,630,real
223,420,real
223,360,real
224,680,real
224,540,real
224,520,real
224,630,real
224,1000,real
225,720,real
225,770,real
225,920,real
225,500,real
226,870,real
227,270,real
227,450,real
228,470,real
228,250,real
228,110,real
229,950,real
229,880,real
229,630,real
229,490,real
229,230,real
230,890,real
230,130,real
230,800,real
230,820,real
230,680,real
231,990,real
231,1040,real
231,580,real
232,310,real
232,800,real
232,1020,real
232,850,real
233,520,real
233,730,real
233,590,real
234,210,real
234,820,real
234,480,real
235,100,real
236,880,real
236,210,real
236,820,real
237,170,real
237,320,real
237,360,real
238,1070,real
238,110,real
238,530,real
238,420,real
239,410,real
239,160,real
240,300,real
240,900,real
240,560,real
240,1050,real
241,380,real
241,450,real
241,960,real
241,620,real
242,610,real
242,810,real
242,820,real
242,130,real
242,310,real
243,890,real
243,630,real
244,460,real
244,840,real
245,1010,real
245,1090,real
246,540,real
246,820,real
246,870,real
246,750,real
246,110,real
247,320,real
248,120,real
249,960,real
249,550,real
249,570,real
249,850,real
250,650,real
250,750,real
250,590,real
251,120,real
251,770,real
251,360,real
251,490,real
252,260,real
252,200,real
252,460,real
252,650,real
252,270,real
253,430,real
253,1050,real
253,510,real
253,960,real
253,910,real
254,420,real
255,150,real
255,240,real
256,870,real
256,610,real
256,580,real
257,760,real
257,510,real
257,990,real
258,250,real
258,980,real
258,550,real
258,820,real
259,290,real
259,920,real
259,340,real
260,850,real
260,840,real
261,930,real
261,680,real
261,150,real
262,570,real
262,820,real
262,880,real
263,200,real
264,920,real
264,960,real
264,160,real
264,440,real
264,590,real
265,150,real
265,470,real
265,550,real
265,530,real
266,590,real
266,900,real
266,190,real
267,830,real
267,470,real
267,390,real
267,920,real
268,990,real
269,210,real
269,860,real
269,660,real
269,450,real
269,990,real
270,850,real
270,610,real
271,820,real
271,380,real
271,800,real
271,1060,real
272,770,real
272,730,real
272,1020,real
272,520,real
272,620,real
273,500,real
273,610,real
273,140,real
273,870,real
274,750,real
274,410,real
274,400,real
274,190,real
275,840,real
275,530,real
276,570,real
276,790,real
276,710,real
276,540,real
277,410,real
277,620,real
278,970,real
278,350,real
278,470,real
279,580,real
279,460,real
280,750,real
280,580,real
281,750,real
281,100,real
281,620,real
282,1030,real
282,130,real
282,1000,real
283,740,real
283,270,real
283,420,real
283,620,real
283,580,real
284,150,real
285,400,real
285,310,real
285,760,real
285,720,real
286,430,real
286,1090,real
286,620,real
286,480,real
287,270,real
288,780,real
288,390,real
288,1090,real
288,360,real
289,380,real
290,350,real
290,520,real
290,320,real
291,440,real
291,280,real
291,150,real
291,500,real
291,470,real
292,850,real
292,780,real
292,870,real
293,780,real
293,650,real
294,1010,real
294,370,real
294,740,real
294,110,real
295,470,real
295,640,real
295,910,real
295,840,real
295,960,real
296,230,real
296,800,real
296,580,real
296,390,real
296,740,real
297,810,real
297,340,real
297,540,real
297,860,real
298,470,real
298,480,real
299,820,real
300,600,real
300,240,real
300,420,real
300,920,real
300,1030,real
301,540,real
301,950,real
301,550,real
302,340,real
303,330,real
303,900,real
303,1080,real
303,360,real
303,730,real
304,300,real
304,1000,real
304,910,real
305,260,real
305,290,real
305,630,real
305,340,real
306,370,real
307,570,real
308,410,real
309,710,real
309,330,real
310,930,real
311,370,real
312,1070,real
312,330,real
313,510,real
313,190,real
313,290,real
313,900,real
314,770,real
315,1060,real
315,1020,real
316,810,real
317,660,real
317,640,real
317,970,real
317,190,real
317,550,real
318,520,real
318,210,real
318,330,real
318,100,real
318,140,real
319,330,real
319,1070,real
319,740,real
319,410,real
320,610,real
320,1000,real
320,390,real
320,1090,real
321,990,real
322,720,real
322,750,real
323,360,real
323,220,real
323,320,real
324,1040,real
324,930,real
324,480,real
324,100,real
325,910,real
325,140,real
325,1010,real
325,940,real
326,470,real
326,310,real
327,210,real
327,960,real
327,850,real
327,310,real
327,1050,real
328,400,real
328,440,real
329,1060,real
329,190,real
329,140,real
329,850,real
330,520,real
331,410,real
331,170,real
331,1080,real
331,790,real
331,680,real
332,150,real
332,130,real
332,330,real
332,540,real
333,280,real
333,510,real
333,660,real
333,920,real
334,440,real
334,980,real
334,400,real
334,300,real
335,680,real
335,430,real
335,630,real
335,470,real
335,390,real
336,910,real
337,740,real
337,1060,real
338,300,real
338,690,real
339,1060,real
339,800,real
339,870,real
340,450,real
340,1030,real
341,890,real
341,160,real
342,260,real
342,740,real
342,730,real
342,170,real
343,1060,real
344,550,real
345,340,real
346,840,real
346,520,real
346,1050,real
347,750,real
347,790,real
348,790,real
348,680,real
348,670,real
348,530,real
348,710,real
349,650,real
349,160,real
350,150,real
350,770,real
350,890,real
351,360,real
351,150,real
351,190,real
352,310,real
352,980,real
352,650,real
352,730,real
352,340,real
353,610,real
353,960,real
353,1080,real
354,270,real
354,370,real
354,780,real
355,420,real
355,150,real
355,200,real
355,450,real
356,1010,real
356,360,real
356,620,real
356,420,real
356,490,real
357,770,real
357,590,real
358,880,real
359,570,real
359,1020,real
359,160,real
360,870,real
361,340,real
361,750,real
362,230,real
362,120,real
362,1060,real
362,420,real
363,200,real
363,620,real
364,780,real
364,330,real
364,820,real
364,1040,real
365,250,real
365,870,real
365,630,real
365,370,real
365,280,real
366,120,real
367,1050,real
367,430,real
367,790,real
368,300,real
368,930,real
368,840,real
368,130,real
369,130,real
369,910,real
369,530,real
370,500,real
371,540,real
372,290,real
372,860,real
373,960,real
373,200,real
374,190,real
374,140,real
374,550,real
374,580,real
375,170,real
376,890,real
376,410,real
376,1000,real
376,260,real
376,100,real
377,430,real
377,680,real
378,830,real
378,150,real
378,570,real
379,810,real
379,530,real
380,730,real
380,920,real
380,200,real
381,1050,real
381,370,real
381,190,real
382,810,real
382,530,real
382,700,real
382,760,real
382,290,real
383,130,real
383,140,real
383,640,real
384,380,real
384,310,real
384,110,real
384,360,real
385,1010,real
385,680,real
385,1070,real
385,980,real
385,440,real
386,250,real
386,1020,real
386,580,real
386,680,real
387,770,real
387,990,real
387,560,real
387,940,real
387,830,real
388,980,real
389,480,real
389,550,real
389,940,real
390,930,real
390,610,real
390,1040,real
391,760,real
391,270,real
392,1090,real
392,550,real
392,910,real
392,430,real
392,370,real
393,460,real
393,720,real
393,940,real
393,820,real
394,140,real
394,100,real
394,940,real
395,690,real
395,510,real
395,1060,real
395,820,real
396,770,real
396,1000,real
396,290,real
397,480,real
397,730,real
397,820,real
397,450,real
397,930,real
398,220,real
398,290,real
398,160,real
399,440,real
399,460,real
399,340,real
399,710,real
399,470,real
400,630,real
400,610,real
400,560,real
400,720,real
401,870,real
401,850,real
402,240,real
402,1050,real
402,1080,real
402,920,real
403,670,real
404,810,real
404,420,real
404,470,real
405,580,real
405,620,real
405,730,real
405,160,real
405,340,real
406,830,real
406,880,real
406,200,real
406,1070,real
407,520,real
407,990,real
407,1090,real
408,300,real
408,1010,real
409,270,real
410,850,real
410,190,real
410,430,real
411,330,real
412,340,real
413,700,real
413,720,real
414,200,real
415,490,real
415,1030,real
415,440,real
416,530,real
416,260,real
416,420,real
416,230,real
417,500,real
418,280,real
419,800,real
420,920,real
420,290,real
420,300,real
421,780,real
421,150,real
421,810,real
421,700,real
421,860,real
422,360,real
423,730,real
423,850,real
423,660,real
423,980,real
423,240,real
424,280,real
424,850,real
424,670,real
425,510,real
425,1020,real
425,780,real
425,770,real
425,610,real
426,360,real
426,830,real
426,920,real
426,170,real
426,970,real
427,820,real
427,260,real
428,830,real
428,150,real
429,640,real
429,350,real
429,1000,real
429,850,real
430,930,real
430,290,real
430,260,real
430,920,real
430,370,real
431,130,real
431,530,real
431,910,real
431,950,real
431,170,real
432,160,real
433,160,real
434,1060,real
434,530,real
434,100,real
434,480,real
434,710,real
435,1060,real
435,350,real
436,350,real
436,340,real
436,430,real
436,500,real
437,930,real
437,320,real
437,600,real
437,700,real
437,890,real
438,140,real
438,540,real
438,940,real
438,240,real
439,230,real
439,650,real
439,710,real
440,200,real
441,700,real
442,520,real
442,510,real
443,140,real
443,550,real
444,260,real
444,800,real
444,880,real
444,410,real
445,910,real
446,510,real
446,380,real
446,1070,real
446,270,real
447,1070,real
447,380,real
447,1060,real
447,500,real
448,880,real
448,780,real
448,650,real
449,730,real
449,640,real
450,740,real
451,480,real
451,980,real
451,450,real
451,1090,real
452,370,real
452,410,real
452,650,real
452,1070,real
452,640,real
453,780,real
453,970,real
454,220,real
454,410,real
454,160,real
454,200,real
454,550,real
455,690,real
455,1070,real
455,600,real
456,540,real
456,290,real
457,570,real
458,380,real
458,980,real
458,160,real
459,1050,real
459,540,real
460,900,real
461,570,real
461,560,real
462,300,real
462,180,real
462,950,real
462,270,real
462,880,real
463,940,real
463,1080,real
463,110,real
464,800,real
464,830,real
465,610,real
466,550,real
466,380,real
466,890,real
467,730,real
467,760,real
467,230,real
467,660,real
467,880,real
468,370,real
468,490,real
468,300,real
468,700,real
468,510,real
469,1080,real
469,890,real
469,100,real
470,830,real
471,770,real
471,880,real
471,480,real
471,350,real
471,980,real
472,190,real
472,470,real
472,640,real
472,880,real
472,230,real
473,120,real
473,950,real
473,840,real
473,270,real
473,390,real
474,320,real
475,1020,real
476,320,real
477,470,real
477,130,real
477,750,real
477,550,real
478,130,real
479,440,real
479,940,real
479,350,real
479,530,real
480,560,real
480,960,real
480,820,real
481,620,real
481,700,real
481,170,real
481,560,real
481,660,real
482,280,real
482,830,real
482,770,real
482,680,real
482,1060,real
483,290,real
483,900,real
483,990,real
483,680,real
484,1070,real
484,750,real
484,740,real
485,530,real
485,880,real
485,860,real
485,890,real
486,790,real
486,250,real
486,700,real
486,190,real
487,890,real
487,440,real
487,1010,real
487,600,real
488,430,real
488,450,real
489,1030,real
489,510,real
489,740,real
490,570,real
490,290,real
490,870,real
490,780,real
490,650,real
491,340,real
491,790,real
491,530,real
492,670,real
493,730,real
493,1030,real
494,810,real
494,310,real
495,1030,real
496,230,real
496,590,real
496,180,real
497,590,real
497,430,real
497,270,real
497,890,real
497,980,real
498,940,real
498,1000,real
498,680,real
498,400,real
498,800,real
499,250,real
499,910,real
499,630,real
499,920,real
499,830,real
500,690,real
500,200,real
500,250,real
500,940,real
500,310,real
501,340,real
501,820,real
501,230,real
501,430,real
501,370,real
502,220,real
503,640,real
503,670,real
503,270,real
503,100,real
504,180,real
504,250,real
504,460,real
504,490,real
505,460,real
505,780,real
506,190,real
506,260,real
506,720,real
506,280,real
506,940,real
507,470,real
507,180,real
507,430,real
508,510,real
508,480,real
509,140,real
509,870,real
509,960,real
510,600,real
510,270,real
510,520,real
511,470,real
511,850,real
511,970,real
512,220,real
512,340,real
512,1040,real
512,290,real
513,540,real
513,690,real
513,860,real
514,990,real
514,380,real
515,980,real
515,530,real
515,480,real
515,680,real
515,170,real
516,310,real
516,820,real
517,1040,real
517,670,real
517,240,real
517,390,real
518,370,real
518,1020,real
518,200,real
519,480,real
519,360,real
519,520,real
519,640,real
520,950,real
520,290,real
520,680,real
520,300,real
521,760,real
522,460,real
522,710,real
522,990,real
522,840,real
523,750,real
524,830,real
525,180,real
526,400,real
526,590,real
527,340,real
528,670,real
528,530,real
528,230,real
528,920,real
528,260,real
529,290,real
529,960,real
529,1020,real
529,500,real
530,950,real
531,690,real
531,840,real
531,740,real
531,270,real
531,240,real
532,1040,real
532,850,real
533,380,real
533,960,real
533,750,real
534,170,real
534,920,real
534,910,real
535,540,real
535,920,real
535,580,real
535,150,real
535,530,real
536,220,real
536,430,real
536,960,real
536,140,real
537,280,real
537,290,real
538,710,real
538,460,real
538,790,real
539,610,real
539,180,real
539,220,real
540,200,real
540,1060,real
540,150,real
541,1060,real
541,110,real
541,180,real
541,230,real
542,350,real
542,950,real
542,1030,real
542,310,real
542,230,real
543,220,real
543,800,real
544,470,real
544,340,real
544,510,real
545,490,real
545,680,real
546,750,real
547,740,real
548,1060,real
548,260,real
548,370,real
549,890,real
549,810,real
549,1030,real
549,750,real
549,440,real
550,580,real
550,200,real
551,1050,real
551,170,real
551,960,real
551,920,real
551,850,real
552,370,real
552,190,real
552,1010,real
552,870,real
552,270,real
553,260,real
553,590,real
553,490,real
554,1050,real
554,580,real
554,630,real
554,430,real
555,540,real
555,880,real
555,750,real
555,710,real
555,430,real
556,370,real
556,850,real
556,390,real
556,810,real
557,910,real
557,350,real
558,670,real
558,970,real
558,420,real
559,230,real
559,990,real
559,400,real
559,220,real
560,320,real
560,840,real
560,1060,real
561,440,real
562,420,real
562,530,real
562,880,real
563,560,real
563,170,real
563,640,real
564,790,real
564,750,real
564,190,real
565,560,real
566,590,real
566,210,real
566,1090,real
566,1040,real
567,680,real
567,480,real
567,1070,real
567,830,real
567,330,real
568,190,real
569,1020,real
569,550,real
569,350,real
569,1040,real
569,390,real
570,940,real
570,730,real
571,930,real
572,1010,real
572,730,real
572,240,real
572,400,real
572,750,real
573,260,real
573,1050,real
573,630,real
573,110,real
573,760,real
574,1000,real
574,300,real
575,220,real
575,410,real
575,660,real
575,790,real
576,400,real
576,510,real
576,830,real
577,1080,real
578,660,real
578,900,real
579,840,real
580,450,real
581,890,real
582,830,real
582,670,real
583,590,real
583,970,real
584,1080,real
584,150,real
584,950,real
584,320,real
584,930,real
585,670,real
585,1010,real
585,290,real
586,830,real
586,340,real
586,220,real
586,930,real
587,630,real
587,1090,real
588,1070,real
588,760,real
589,860,real
589,240,real
589,630,real
590,490,real
590,130,real
590,160,real
591,560,real
591,510,real
592,370,real
592,510,real
592,1040,real
593,150,real
594,1050,real
595,660,real
596,280,real
597,980,real
597,910,real
597,160,real
598,130,real
598,850,real
598,240,real
599,610,real
599,550,real
599,350,real
599,740,real
599,490,real
600,420,real
600,340,real
600,530,real
600,1010,real
600,570,real
601,800,real
601,410,real
602,920,real
603,560,real
603,490,real
603,660,real
603,720,real
603,700,real
604,720,real
604,1040,real
604,690,real
604,150,real
605,1020,real
605,740,real
605,820,real
605,290,real
605,780,real
606,360,real
606,390,real
606,870,real
606,440,real
606,1090,real
607,740,real
607,1020,real
607,890,real
608,1000,real
608,320,real
608,300,real
609,690,real
609,290,real
609,460,real
609,640,real
609,320,real
610,760,real
610,300,real
610,640,real
610,650,real
610,980,real
611,1090,real
611,870,real
611,440,real
611,320,real
612,1030,real
613,1070,real
613,960,real
613,950,real
613,1030,real
614,300,real
614,310,real
614,850,real
615,1050,real
616,660,real
616,190,real
616,160,real
616,1000,real
616,450,real
617,470,real
617,590,real
618,170,real
618,570,real
618,930,real
618,880,real
619,790,real
619,980,real
620,180,real
621,550,real
621,760,real
621,710,real
621,250,real
621,1080,real
622,600,real
622,190,real
622,1090,real
622,470,real
623,670,real
623,660,real
623,450,real
623,970,real
624,710,real
625,610,real
626,150,real
626,320,real
626,790,real
626,860,real
626,580,real
627,100,real
627,450,real
627,420,real
628,1060,real
628,890,real
628,960,real
628,850,real
629,460,real
629,420,real
630,980,real
631,790,real
632,1020,real
633,750,real
633,1040,real
633,280,real
634,1090,real
634,1070,real
635,450,real
636,970,real
636,790,real
636,690,real
637,430,real
637,250,real
638,310,real
638,780,real
638,1060,real
638,960,real
638,710,real
639,220,real
639,150,real
639,410,real
639,530,real
640,180,real
640,470,real
640,410,real
641,490,real
642,1020,real
642,100,real
642,740,real
643,1080,real
643,800,real
643,760,real
643,920,real
643,790,real
644,1000,real
644,560,real
644,530,real
645,820,real
645,210,real
645,180,real
645,1040,real
646,100,real
646,410,real
646,740,real
646,770,real
647,710,real
647,350,real
648,320,real
648,880,real
648,140,real
649,910,real
649,190,real
649,780,real
649,1070,real
649,860,real
650,130,real
650,950,real
650,790,real
651,990,real
651,640,real
651,1040,real
651,420,real
652,490,real
652,960,real
652,510,real
653,980,real
653,990,real
653,1050,real
653,580,real
654,1090,real
654,680,real
654,740,real
654,460,real
655,300,real
655,1040,real
655,710,real
656,200,real
656,690,real
656,580,real
656,320,real
656,570,real
657,500,real
657,380,real
657,580,real
657,120,real
657,1070,real
658,790,real
658,530,real
658,710,real
658,920,real
659,560,real
659,380,real
659,410,real
659,640,real
660,1070,real
660,580,real
661,320,real
661,330,real
661,710,real
662,770,real
662,510,real
662,390,real
662,650,real
663,460,real
663,430,real
663,500,real
664,370,real
664,340,real
665,1070,real
665,140,real
665,150,real
665,310,real
666,170,real
667,370,real
667,410,real
667,640,real
668,950,real
668,400,real
669,480,real
670,410,real
670,1070,real
670,1020,real
670,880,real
670,700,real
671,440,real
671,110,real
671,250,real
672,570,real
673,150,real
673,550,real
674,900,real
674,1070,real
674,390,real
674,740,real
675,910,real
675,960,real
675,790,real
675,720,real
675,740,real
676,800,real
676,770,real
677,100,real
677,220,real
677,1030,real
677,210,real
678,620,real
679,380,real
679,1090,real
680,670,real
680,250,real
681,100,real
681,230,real
682,820,real
683,820,real
683,670,real
684,900,real
684,770,real
684,840,real
684,260,real
684,340,real
685,910,real
686,380,real
686,290,real
686,190,real
686,950,real
686,500,real
687,400,real
687,790,real
687,230,real
687,420,real
687,640,real
688,1010,real
688,990,real
688,920,real
688,300,real
689,110,real
689,1030,real
689,460,real
689,880,real
689,810,real
690,1060,real
691,760,real
691,300,real
691,1030,real
691,1060,real
691,510,real
692,140,real
692,1000,real
692,750,real
692,100,real
692,1020,real
693,600,real
693,950,real
693,960,real
693,1050,real
694,570,real
694,850,real
694,610,real
695,760,real
695,720,real
696,1040,real
696,230,real
696,720,real
696,620,real
696,170,real
697,200,real
697,410,real
697,680,real
698,820,real
698,940,real
698,790,real
699,840,real
699,270,real
699,1040,real
700,570,real
700,370,real
700,1010,real
700,380,real
701,400,real
701,1070,real
701,360,real
701,1010,real
702,530,real
702,1070,real
702,180,real
703,890,real
704,450,real
704,140,real
704,860,real
704,100,real
704,870,real
705,100,real
705,120,real
705,1070,real
705,720,real
706,230,real
706,810,real
706,670,real
707,270,real
707,970,real
707,720,real
707,340,real
708,160,real
709,960,real
710,1040,real
710,1010,real
711,1060,real
712,240,real
712,980,real
712,940,real
713,590,real
714,230,real
715,960,real
715,150,real
716,910,real
717,870,real
717,630,real
717,1050,real
717,300,real
717,680,real
718,560,real
719,140,real
720,1070,real
720,180,real
720,320,real
720,660,real
720,140,real
721,890,real
722,260,real
722,990,real
722,650,real
722,620,real
723,940,real
723,360,real
723,210,real
723,570,real
723,970,real
724,820,real
725,730,real
725,770,real
725,690,real
725,520,real
725,270,real
726,590,real
726,170,real
726,260,real
727,1040,real
727,840,real
727,510,real
728,260,real
728,720,real
728,320,real
728,710,real
728,540,real
729,180,real
729,790,real
729,1010,real
729,340,real
729,670,real
730,290,real
731,790,real
731,510,real
731,550,real
731,320,real
731,780,real
732,440,real
732,930,real
732,990,real
732,330,real
733,1040,real
733,170,real
733,470,real
733,370,real
734,980,real
734,830,real
735,480,real
735,1060,real
735,380,real
736,120,real
736,910,real
736,580,real
737,1090,real
738,240,real
738,360,real
738,320,real
738,1020,real
739,420,real
740,490,real
741,570,real
742,940,real
742,290,real
742,990,real
743,530,real
743,450,real
743,770,real
743,240,real
743,350,real
744,680,real
745,1040,real
745,290,real
745,360,real
745,210,real
746,650,real
746,330,real
746,900,real
746,540,real
747,190,real
747,240,real
747,520,real
747,870,real
747,270,real
748,330,real
749,450,real
749,530,real
749,350,real
750,370,real
750,580,real
750,830,real
750,840,real
750,1020,real
751,160,real
752,680,real
753,200,real
753,100,real
753,210,real
754,1090,real
754,640,real
754,120,real
755,430,real
755,900,real
755,660,real
755,310,real
756,950,real
756,110,real
756,700,real
756,370,real
757,150,real
757,190,real
757,230,real
757,390,real
757,830,real
758,420,real
758,310,real
759,920,real
759,490,real
760,950,real
761,530,real
761,380,real
761,880,real
761,110,real
762,960,real
762,310,real
762,340,real
763,430,real
763,420,real
764,420,real
764,540,real
765,270,real
766,180,real
766,270,real
766,420,real
766,160,real
766,130,real
767,890,real
767,320,real
767,650,real
768,940,real
768,980,real
768,580,real
769,520,real
769,710,real
770,660,real
770,940,real
770,170,real
770,820,real
770,560,real
771,950,real
771,1060,real
771,220,real
771,150,real
772,490,real
772,500,real
772,600,real
772,260,real
772,930,real
773,660,real
773,460,real
773,960,real
774,950,real
774,590,real
774,330,real
774,1060,real
774,290,real
775,500,real
775,180,real
776,640,real
776,1020,real
776,630,real
776,580,real
777,1040,real
777,220,real
777,510,real
777,1060,real
778,640,real
778,910,real
778,820,real
778,850,real
779,410,real
779,400,real
779,510,real
779,160,real
779,370,real
780,1080,real
781,700,real
781,710,real
781,640,real
781,160,real
781,950,real
782,880,real
782,290,real
783,550,real
783,470,real
783,800,real
783,890,real
784,550,real
785,640,real
785,390,real
785,610,real
785,1090,real
785,580,real
786,940,real
786,830,real
786,210,real
787,940,real
787,970,real
788,130,real
789,1040,real
789,440,real
789,970,real
790,210,real
791,720,real
791,380,real
792,990,real
792,240,real
792,800,real
792,110,real
793,970,real
794,450,real
794,340,real
795,270,real
795,140,real
795,640,real
796,520,real
796,600,real
796,240,real
796,210,real
796,730,real
797,100,real
797,700,real
797,170,real
797,470,real
797,730,real
798,190,real
798,830,real
799,110,real
799,930,real
799,770,real
800,480,real
800,280,real
800,140,real
800,560,real
800,1010,real
801,790,real
801,710,real
801,1010,real
801,1060,real
801,420,real
802,930,real
802,1080,real
802,500,real
802,240,real
803,790,real
803,1060,real
803,380,real
803,810,real
803,930,real
804,480,real
804,630,real
805,230,real
805,620,real
805,510,real
806,270,real
806,220,real
806,1070,real
807,1070,real
807,180,real
808,530,real
808,930,real
809,690,real
809,800,real
809,830,real
810,750,real
810,960,real
810,1080,real
810,670,real
811,990,real
811,240,real
811,500,real
811,430,real
812,340,real
812,960,real
812,480,real
812,160,real
813,620,real
814,300,real
815,840,real
816,520,real
816,130,real
817,930,real
818,840,real
819,1010,real
819,1030,real
819,730,real
819,1090,real
820,400,real
820,330,real
820,120,real
821,150,real
821,270,real
822,690,real
822,620,real
823,720,real
823,140,real
823,1060,real
823,440,real
823,450,real
824,160,real
824,680,real
824,830,real
824,120,real
825,640,real
825,270,real
825,870,real
826,860,real
827,970,real
827,670,real
827,540,real
828,160,real
828,760,real
828,1070,real
829,710,real
829,450,real
829,210,real
829,610,real
830,700,real
830,540,real
830,420,real
830,780,real
831,620,real
831,770,real
831,840,real
831,690,real
832,170,real
833,1060,real
833,930,real
833,800,real
833,150,real
833,970,real
834,290,real
834,170,real
835,810,real
836,830,real
836,1050,real
836,770,real
837,830,real
838,670,real
838,590,real
838,630,real
838,340,real
839,820,real
839,690,real
840,240,real
841,300,real
842,170,real
842,1040,real
842,230,real
842,180,real
843,440,real
843,1050,real
844,860,real
844,440,real
844,1000,real
844,980,real
844,570,real
845,480,real
845,290,real
845,590,real
845,350,real
845,180,real
846,650,real
847,480,real
847,280,real
847,570,real
847,190,real
848,290,real
849,150,real
849,980,real
849,700,real
850,1040,real
850,170,real
850,700,real
850,450,real
850,930,real
851,830,real
851,800,real
851,130,real
851,980,real
851,230,real
852,1040,real
852,890,real
853,1010,real
854,1000,real
854,860,real
855,600,real
855,300,real
855,420,real
856,340,real
856,570,real
856,420,real
856,1090,real
856,860,real
857,760,real
857,600,real
857,480,real
857,400,real
858,820,real
858,470,real
858,120,real
859,500,real
859,870,real
859,180,real
859,380,real
860,420,real
860,790,real
860,950,real
860,540,real
861,370,real
861,800,real
862,720,real
862,260,real
862,390,real
862,200,real
863,590,real
863,750,real
864,260,real
864,130,real
864,510,real
865,570,real
865,100,real
865,190,real
865,1020,real
866,280,real
866,490,real
866,770,real
866,1080,real
867,220,real
867,110,real
867,740,real
867,600,real
867,840,real
868,1030,real
868,710,real
868,230,real
868,290,real
868,130,real
869,420,real
869,720,real
869,130,real
870,180,real
870,300,real
870,760,real
870,1010,real
871,390,real
872,450,real
872,630,real
872,590,real
872,670,real
872,1050,real
873,170,real
873,730,real
873,160,real
873,1000,real
873,510,real
874,110,real
875,1090,real
875,1040,real
875,420,real
875,280,real
875,840,real
876,110,real
876,1060,real
876,380,real
876,430,real
876,770,real
877,520,real
878,210,real
878,170,real
879,780,real
879,850,real
879,1080,real
879,180,real
879,1030,real
880,1060,real
880,780,real
881,860,real
881,380,real
881,900,real
881,790,real
881,190,real
882,610,real
882,690,real
882,350,real
883,840,real
883,930,real
883,150,real
883,1080,real
884,380,real
884,230,real
884,1010,real
884,190,real
885,300,real
885,190,real
885,560,real
886,910,real
886,690,real
886,1090,real
886,720,real
886,950,real
887,580,real
887,350,real
887,160,real
888,890,real
888,360,real
888,160,real
888,940,real
889,250,real
889,720,real
889,870,real
889,1030,real
890,380,real
890,780,real
890,360,real
891,900,real
891,860,real
892,350,real
892,180,real
892,310,real
892,340,real
893,730,real
893,210,real
893,190,real
893,260,real
894,1080,real
894,750,real
894,720,real
895,330,real
895,850,real
895,890,real
896,780,real
896,840,real
896,270,real
896,120,real
897,690,real
898,350,real
898,530,real
898,870,real
898,940,real
898,180,real
899,190,real
899,1090,real
899,120,real
899,780,real
900,520,real
900,330,real
900,1080,real
901,380,real
901,530,real
901,560,real
901,860,real
902,750,real
902,880,real
903,390,real
903,370,real
903,200,real
904,790,real
904,810,real
904,780,real
905,180,real
905,890,real
906,1070,real
906,770,real
906,1010,real
907,1090,real
907,100,real
908,610,real
909,380,real
909,730,real
910,570,real
911,340,real
911,170,real
912,260,real
912,430,real
912,190,real
913,250,real
914,600,real
915,830,real
915,930,real
915,260,real
915,110,real
915,860,real
916,620,real
916,810,real
916,120,real
916,180,real
916,140,real
917,1050,real
917,350,real
918,400,real
918,860,real
918,750,real
918,560,real
918,210,real
919,380,real
919,990,real
919,250,real
919,550,real
919,1030,real
920,910,real
920,270,real
920,580,real
921,330,real
921,530,real
921,800,real
922,1020,real
922,490,real
922,610,real
922,1090,real
922,580,real
923,100,real
923,1000,real
923,1060,real
924,190,real
924,290,real
925,1070,real
925,400,real
925,1000,real
926,670,real
926,480,real
926,930,real
926,1090,real
927,750,real
927,240,real
928,100,real
928,400,real
928,450,real
928,540,real
928,760,real
929,1020,real
929,540,real
929,460,real
929,150,real
930,810,real
930,430,real
930,380,real
930,470,real
930,480,real
931,140,real
931,340,real
932,760,real
932,400,real
933,580,real
933,610,real
934,280,real
934,250,real
934,610,real
934,820,real
935,930,real
935,180,real
936,150,real
936,550,real
937,680,real
938,710,real
938,510,real
938,1060,real
939,310,real
940,770,real
940,430,real
940,250,real
940,1050,real
941,740,real
941,540,real
942,710,real
943,840,real
943,480,real
943,890,real
943,350,real
943,800,real
944,100,real
944,350,real
944,790,real
945,430,real
945,670,real
945,680,real
945,910,real
946,240,real
946,850,real
946,360,real
946,470,real
947,370,real
947,970,real
947,360,real
947,1080,real
948,490,real
949,760,real
949,350,real
949,620,real
949,140,real
950,420,real
950,280,real
950,740,real
950,160,real
950,110,real
951,170,real
951,420,real
951,510,real
952,810,real
952,430,real
952,400,real
953,820,real
953,750,real
953,620,real
954,490,real
954,170,real
954,330,real
954,720,real
954,350,real
955,260,real
955,240,real
955,980,real
955,380,real
955,590,real
956,220,real
956,140,real
956,200,real
957,320,real
957,460,real
957,490,real
958,260,real
958,690,real
959,820,real
960,110,real
960,380,real
961,1090,real
961,900,real
961,480,real
961,920,real
961,730,real
962,380,real
962,920,real
962,450,real
962,100,real
962,250,real
963,550,real
963,960,real
963,470,real
964,1080,real
964,790,real
964,230,real
965,310,real
966,310,real
966,880,real
967,440,real
967,300,real
967,510,real
968,530,real
968,690,real
968,1060,real
968,870,real
969,280,real
969,1070,real
969,670,real
969,640,real
970,370,real
970,620,real
970,220,real
971,320,real
971,150,real
972,430,real
972,350,real
972,760,real
973,570,real
973,210,real
974,710,real
974,580,real
974,940,real
974,100,real
974,1080,real
975,900,real
975,770,real
975,870,real
975,820,real
976,460,real
976,890,real
976,720,real
976,1080,real
976,780,real
977,560,real
978,480,real
979,830,real
979,990,real
980,560,real
980,360,real
980,120,real
980,1030,real
980,540,real
981,240,real
981,110,real
981,360,real
981,810,real
982,190,real
982,580,real
982,890,real
982,970,real
983,390,real
983,140,real
983,250,real
984,860,real
984,110,real
985,780,real
985,870,real
985,240,real
986,940,real
986,1070,real
986,300,real
986,800,real
986,960,real
987,920,real
987,990,real
987,630,real
987,570,real
988,810,real
988,250,real
988,430,real
988,480,real
988,120,real
989,530,real
990,1000,real
990,330,real
990,100,real
990,720,real
991,880,real
991,110,real
991,670,real
991,190,real
992,320,real
992,350,real
992,210,real
992,390,real
993,800,real
993,850,real
993,140,real
993,510,real
994,770,real
995,300,real
995,660,real
995,1050,real
996,1090,real
996,510,real
997,380,real
998,820,real
998,1030,real
999,1030,real
999,160,real
999,100,real
1000,470,real
1001,160,real
1002,270,real
1002,1050,real
1003,130,real
1003,1000,real
1003,640,real
1003,280,real
1003,600,real
1004,500,real
1004,990,real
1004,330,real
1004,400,real
1004,540,real
1005,370,real
1005,640,real
1005,340,real
1005,890,real
1005,270,real
1006,440,real
1006,210,real
1007,1080,real
1008,160,real
1008,450,real
1008,540,real
1008,290,real
1009,1090,real
1009,910,real
1009,220,real
1009,840,real
1009,700,real
1010,970,real
1010,240,real
1010,840,real
1010,1080,real
1011,730,real
1011,520,real
1011,120,real
1012,240,real
1012,180,real
1012,770,real
1012,200,real
1012,840,real
1013,200,real
1013,450,real
1014,390,real
1014,600,real
1014,150,real
1014,400,real
1014,1040,real
1015,390,real
1015,140,real
1016,560,real
1016,440,real
1017,710,real
1017,220,real
1017,650,real
1017,450,real
1017,1080,real
1018,970,real
1018,190,real
1018,810,real
1018,540,real
1018,470,real
1019,870,real
1019,460,real
1020,880,real
1020,100,real
1020,280,real
1020,850,real
1020,420,real
1021,810,real
1021,150,real
1022,270,real
1022,850,real
1023,400,real
1024,720,real
1024,150,real
1024,260,real
1024,640,real
1024,1000,real
1025,640,real
1026,500,real
1026,1070,real
1026,940,real
1027,630,real
1028,860,real
1028,170,real
1028,1070,real
1028,980,real
1028,830,real
1029,260,real
1030,1090,real
1030,660,real
1030,980,real
1030,860,real
1031,710,real
1031,660,real
1032,140,real
1033,260,real
1033,270,real
1033,210,real
1033,380,real
1033,200,real
1034,460,real
1034,280,real
1034,910,real
1035,360,real
1036,1040,real
1037,730,real
1037,1000,real
1037,920,real
1037,510,real
1038,780,real
1038,940,real
1039,680,real
1039,590,real
1039,630,real
1039,800,real
1039,270,real
1040,960,real
1040,620,real
1040,1090,real
1040,760,real
1040,420,real
1041,440,real
1041,210,real
1041,160,real
1041,630,real
1041,270,real
1042,230,real
1042,960,real
1042,460,real
1042,880,real
1042,300,real
1043,220,real
1043,190,real
1043,240,real
1043,490,real
1044,250,real
1044,220,real
1044,700,real
1045,990,real
1045,800,real
1045,750,real
1046,400,real
1046,280,real
1046,840,real
1046,930,real
1046,1040,real
1047,420,real
1047,790,real
1047,600,real
1047,670,real
1048,450,real
1048,650,real
1048,580,real
1048,590,real
1049,390,real
1049,1070,real
1049,790,real
1049,800,real
1049,620,real
1050,760,real
1050,670,real
1050,870,real
1050,600,real
1050,280,real
1051,170,real
1051,200,real
1051,300,real
1051,320,real
1051,130,real
1052,650,real
1052,420,real
1052,320,real
1052,680,real
1052,630,real
1053,580,real
1053,570,real
1054,170,real
1054,300,real
1054,340,real
1054,830,real
1055,230,real
1055,190,real
1055,840,real
1055,440,real
1056,1060,real
1057,1090,real
1057,860,real
1057,970,real
1057,450,real
1057,390,real
1058,640,real
1058,630,real
1058,350,real
1059,680,real
1059,950,real
1059,1020,real
1060,130,real
1060,450,real
1060,590,real
1060,200,real
1061,500,real
1061,310,real
1062,620,real
1062,1070,real
1062,530,real
1063,740,real
1063,1060,real
1064,880,real
1064,550,real
1064,400,real
1064,310,real
1064,300,real
1065,220,real
1065,1040,real
1065,700,real
1065,260,real
1065,1010,real
1066,840,real
1066,580,real
1066,870,real
1066,940,real
1066,900,real
1067,500,real
1067,330,real
1068,730,real
1069,530,real
1069,1010,real
1070,630,real
1070,790,real
1070,430,real
1070,920,real
1070,600,real
1071,820,real
1071,190,real
1071,840,real
1072,760,real
1072,790,real
1072,730,real
1073,190,real
1073,660,real
1074,540,real
1075,1070,real
1076,900,real
1076,410,real
1076,930,real
1076,1080,real
1077,820,real
1077,220,real
1077,600,real
1078,430,real
1078,840,real
1079,690,real
1079,670,real
1079,350,real
1079,180,real
1079,1030,real
1080,170,real
1080,580,real
1081,140,real
1081,180,real
1081,410,real
1082,540,real
1082,900,real
1082,150,real
1083,520,real
1084,860,real
1084,950,real
1085,1080,real
1085,360,real
1085,260,real
1085,710,real
1086,660,real
1086,360,real
1086,420,real
1087,880,real
1088,640,real
1088,340,real
1088,1050,real
1088,250,real
1089,280,real
1089,460,real
1089,290,real
1089,190,real
1090,690,real
1091,440,real
1092,310,real
1092,680,real
1093,250,real
1094,230,real
1094,490,real
1095,920,real
1095,110,real
1096,480,real
1096,540,real
1096,160,real
1097,800,real
1097,1070,real
1097,500,real
1097,160,real
1098,660,real
1098,100,real
1099,540,real
1100,1020,real
1100,970,real
1101,1020,real
1101,960,real
1101,500,real
1101,340,real
1101,620,real
1102,670,real
1102,110,real
1102,1090,real
1102,370,real
1103,130,real
1104,580,real
1104,850,real
1104,660,real
1104,1010,real
1104,890,real
1105,660,real
1105,810,real
1105,470,real
1105,280,real
1106,570,real
1106,210,real
1107,1020,real
1108,770,real
1108,480,real
1109,230,real
1110,580,real
1110,590,real
1111,520,real
1112,990,real
1113,520,real
1114,680,real
1114,990,real
1114,220,real
1114,790,real
1115,520,real
1115,110,real
1115,830,real
1115,940,real
1116,560,real
1116,360,real
1116,430,real
1116,790,real
1117,190,real
1117,780,real
1117,140,real
1117,400,real
1117,110,real
1118,560,real
1119,1040,real
1119,720,real
1119,470,real
1119,800,real
1119,810,real
1120,950,real
1120,270,real
1120,510,real
1120,220,real
1121,330,real
1121,950,real
1122,300,real
1122,490,real
1123,500,real
1123,420,real
1123,870,real
1123,160,real
1124,1020,real
1124,990,real
1124,420,real
1124,980,real
1125,390,real
1125,460,real
1126,940,real
1126,1040,real
1126,410,real
1126,780,real
1126,610,real
1127,360,real
1127,940,real
1127,200,real
1127,880,real
1127,380,real
1128,780,real
1128,190,real
1129,130,real
1130,1020,real
1130,770,real
1130,580,real
1130,200,real
1130,990,real
1131,770,real
1131,330,real
1132,750,real
1133,580,real
1133,600,real
1133,430,real
1134,740,real
1134,520,real
1135,1010,real
1136,270,real
1136,650,real
1136,520,real
1137,660,real
1137,430,real
1137,710,real
1138,170,real
1139,230,real
1139,560,real
1140,1040,real
1141,1020,real
1141,560,real
1141,550,real
1141,450,real
1142,850,real
1142,520,real
1142,190,real
1143,720,real
1143,920,real
1143,320,real
1144,300,real
1145,400,real
1145,140,real
1146,350,real
1146,190,real
1146,410,real
1146,200,real
1146,910,real
1147,210,real
1147,960,real
1147,740,real
1147,490,real
1148,370,real
1148,840,real
1148,590,real
1148,650,real
1149,370,real
1149,880,real
1149,220,real
1149,470,real
1150,980,real
1150,440,real
1150,840,real
1151,860,real
1151,630,real
1152,840,real
1152,980,real
1152,420,real
1152,1080,real
1153,1010,real
1154,1000,real
1154,450,real
1154,720,real
1155,710,real
1155,1050,real
1155,680,real
1155,850,real
1155,460,real
1156,260,real
1156,320,real
1156,540,real
1156,1040,real
1156,400,real
1157,690,real
1157,1010,real
1157,130,real
1157,210,real
1157,750,real
1158,960,real
1158,1000,real
1159,500,real
1159,840,real
1159,600,real
1160,270,real
1161,600,real
1161,290,real
1162,230,real
1162,100,real
1163,620,real
1163,890,real
1163,460,real
1163,830,real
1163,470,real
1164,640,real
1164,420,real
1164,460,real
1164,250,real
1165,570,real
1165,640,real
1165,940,real
1166,740,real
1166,560,real
1167,700,real
1167,590,real
1167,890,real
1168,1080,real
1168,210,real
1169,480,real
1169,250,real
1169,120,real
1169,200,real
1169,970,real
1170,490,real
1170,1050,real
1170,430,real
1170,660,real
1170,790,real
1171,360,real
1171,460,real
1171,540,real
1171,900,real
1172,830,real
1172,500,real
1173,790,real
1174,930,real
1174,820,real
1174,1090,real
1175,1000,real
1175,1030,real
1175,260,real
1176,890,real
1176,850,real
1176,120,real
1176,460,real
1177,1070,real
1177,780,real
1177,680,real
1178,810,real
1178,240,real
1178,390,real
1178,650,real
1178,740,real
1179,830,real
1180,980,real
1180,830,real
1181,510,real
1182,600,real
1182,460,real
1183,860,real
1183,630,real
1183,990,real
1183,360,real
1184,200,real
1184,380,real
1184,450,real
1185,400,real
1186,380,real
1186,800,real
1187,790,real
1187,530,real
1187,430,real
1188,890,real
1188,940,real
1188,870,real
1188,1090,real
1189,370,real
1189,350,real
1189,1080,real
1189,1020,real
1190,330,real
1190,360,real
1191,680,real
1191,690,real
1191,830,real
1191,810,real
1192,240,real
1192,870,real
1193,580,real
1193,990,real
1193,230,real
1193,150,real
1193,270,real
1194,400,real
1194,980,real
1194,690,real
1194,240,real
1195,980,real
1195,570,real
1196,330,real
1196,230,real
1196,860,real
1196,1030,real
1197,680,real
1197,1010,real
1197,1070,real
1198,1000,real
1198,370,real
1198,700,real
1198,290,real
1198,170,real
1199,480,real
1200,240,real
1200,560,real
1200,260,real
1200,1010,real
1200,290,real
1201,950,real
1202,910,real
1202,570,real
1203,680,real
1203,850,real
1204,390,real
1204,730,real
1204,800,real
1205,970,real
1205,490,real
1205,600,real
1205,1000,real
1206,900,real
1206,880,real
1207,760,real
1207,1040,real
1207,220,real
1207,290,real
1207,850,real
1208,540,real
1208,240,real
1208,960,real
1208,170,real
1208,350,real
1209,340,real
1209,690,real
1210,380,real
1210,460,real
1210,1070,real
1210,1010,real
1211,920,real
1211,520,real
1212,360,real
1212,200,real
1213,720,real
1213,710,real
1213,650,real
1213,440,real
1213,800,real
1214,160,real
1214,700,real
1214,280,real
1214,820,real
1214,710,real
1215,230,real
1215,270,real
1215,320,real
1215,260,real
1216,860,real
1216,190,real
1216,530,real
1217,350,real
1218,510,real
1218,1050,real
1218,360,real
1218,450,real
1219,620,real
1220,580,real
1221,860,real
1222,770,real
1222,360,real
1222,700,real
1223,850,real
1223,610,real
1223,430,real
1223,500,real
1224,610,real
1224,1090,real
1224,320,real
1224,720,real
1225,480,real
1226,1090,real
1226,300,real
1226,290,real
1226,580,real
1226,630,real
1227,690,real
1227,990,real
1227,790,real
1227,840,real
1228,270,real
1228,360,real
1228,440,real
1228,220,real
1228,610,real
1229,990,real
1229,940,real
1230,780,real
1231,880,real
1231,430,real
1231,680,real
1231,640,real
1231,520,real
1232,880,real
1232,460,real
1232,290,real
1232,430,real
1232,390,real
1233,470,real
1233,1040,real
1233,190,real
1233,750,real
1234,620,real
1234,870,real
1234,1040,real
1234,900,real
1234,190,real
1235,670,real
1235,690,real
1235,540,real
1235,100,real
1236,560,real
1236,140,real
1237,240,real
1237,350,real
1237,300,real
1237,910,real
1237,810,real
1238,510,real
1238,110,real
1238,550,real
1238,800,real
1239,200,real
1239,870,real
1239,770,real
1240,670,real
1241,810,real
1242,280,real
1242,1020,real
1242,1050,real
1242,350,real
1242,520,real
1243,320,real
1243,360,real
1243,570,real
1244,1040,real
1244,400,real
1244,410,real
1244,310,real
1245,1070,real
1245,390,real
1245,360,real
1245,320,real
1246,490,real
1246,650,real
1246,260,real
1246,1030,real
1247,590,real
1247,240,real
1247,780,real
1247,510,real
1247,200,real
1248,650,real
1248,150,real
1248,780,real
1249,930,real
1250,440,real
1250,450,real
1250,170,real
1251,430,real
1251,1040,real
1251,780,real
1251,610,real
1252,900,real
1252,1080,real
1253,1050,real
1253,710,real
1254,630,real
1254,170,real
1254,580,real
1254,500,real
1254,740,real
1255,770,real
1255,170,real
1255,230,real
1256,120,real
1257,1070,real
1257,1080,real
1258,640,real
1259,380,real
1260,660,real
1260,280,real
1260,860,real
1261,930,real
1261,1020,real
1261,850,real
1262,140,real
1262,750,real
1262,1010,real
1263,170,real
1263,380,real
1264,220,real
1264,130,real
1265,530,real
1265,180,real
1265,240,real
1265,360,real
1266,740,real
1266,970,real
1266,780,real
1266,770,real
1266,150,real
1267,860,real
1267,550,real
1267,660,real
1267,770,real
1268,120,real
1268,570,real
1268,440,real
1268,730,real
1269,680,real
1270,170,real
1270,800,real
1271,950,real
1271,330,real
1272,280,real
1272,240,real
1273,760,real
1273,350,real
1273,630,real
1273,380,real
1273,460,real
1274,600,real
1275,220,real
1275,210,real
1275,390,real
1275,930,real
1275,1040,real
1276,140,real
1276,540,real
1276,600,real
1276,820,real
1277,760,real
1277,270,real
1277,780,real
1277,1020,real
1277,300,real
1278,280,real
1278,270,real
1279,710,real
1280,870,real
1280,1050,real
1281,770,real
1281,880,real
1281,980,real
1281,1040,real
1282,1030,real
1282,620,real
1282,260,real
1282,950,real
1283,420,real
1283,500,real
1283,510,real
1283,530,real
1283,810,real
1284,250,real
1284,1020,real
1284,590,real
1284,180,real
1285,430,real
1285,590,real
1285,450,real
1285,660,real
1285,560,real
1286,250,real
1286,950,real
1286,300,real
1287,160,real
1287,780,real
1287,300,real
1287,900,real
1288,340,real
1288,1050,real
1288,740,real
1288,510,real
1289,840,real
1289,230,real
1289,520,real
1290,800,real
1291,710,real
1291,740,real
1291,200,real
1291,270,real
1291,600,real
1292,980,real
1292,1000,real
1292,810,real
1292,1070,real
1292,950,real
1293,280,real
1293,750,real
1294,730,real
1294,700,real
1295,1080,real
1296,100,real
1297,460,real
1298,1020,real
1298,350,real
1298,580,real
1299,430,real
1300,1090,real
1300,490,real
1300,270,real
1301,630,real
1301,470,real
1301,650,real
1302,320,real
1302,810,real
1303,290,real
1303,420,real
1303,920,real
1303,220,real
1304,1070,real
1304,980,real
1304,440,real
1304,560,real
1305,540,real
1305,360,real
1306,160,real
1307,960,real
1307,830,real
1308,430,real
1308,100,real
1309,590,real
1309,550,real
1309,450,real
1310,750,real
1310,470,real
1310,990,real
1310,940,real
1310,720,real
1311,1040,real
1311,350,real
1312,1090,real
1312,1020,real
1312,490,real
1312,100,real
1312,920,real
1313,760,real
1313,130,real
1314,550,real
1315,140,real
1316,1080,real
1316,920,real
1316,290,real
1317,410,real
1317,560,real
1317,750,real
1318,890,real
1319,360,real
1319,460,real
1319,640,real
1320,480,real
1320,230,real
1320,740,real
1320,860,real
1321,400,real
1321,990,real
1321,570,real
1321,770,real
1322,990,real
1322,650,real
1322,370,real
1322,670,real
1322,220,real
1323,1000,real
1323,580,real
1323,230,real
1323,470,real
1324,540,real
1324,360,real
1324,480,real
1325,600,real
1325,770,real
1325,470,real
1326,220,real
1326,680,real
1326,890,real
1326,820,real
1327,360,real
1327,810,real
1327,870,real
1328,140,real
1329,510,real
1329,760,real
1329,410,real
1330,130,real
1330,990,real
1330,1090,real
1330,1030,real
1330,440,real
1331,110,real
1331,890,real
1331,510,real
1331,430,real
1332,980,real
1332,510,real
1333,260,real
1333,880,real
1333,980,real
1333,900,real
1333,1030,real
1334,650,real
1335,870,real
1336,530,real
1336,740,real
1336,1020,real
1337,540,real
1337,960,real
1337,620,real
1337,520,real
1338,530,real
1338,280,real
1338,160,real
1339,810,real
1339,550,real
1339,400,real
1340,770,real
1340,520,real
1340,1020,real
1340,620,real
1340,560,real
1341,370,real
1341,160,real
1341,970,real
1342,150,real
1342,920,real
1342,690,real
1343,1080,real
1343,410,real
1344,550,real
1344,260,real
1344,160,real
1344,920,real
1344,970,real
1345,560,real
1345,320,real
1345,800,real
1345,870,real
1345,570,real
1346,930,real
1347,410,real
1347,130,real
1347,370,real
1347,820,real
1348,360,real
1348,250,real
1349,300,real
1349,860,real
1350,210,real
1350,650,real
1350,950,real
1351,840,real
1351,460,real
1351,1000,real
1351,280,real
1352,620,real
1352,390,real
1353,510,real
1354,450,real
1355,910,real
1355,150,real
1355,920,real
1356,280,real
1356,860,real
1356,760,real
1356,190,real
1356,660,real
1357,350,real
1357,260,real
1357,1060,real
1357,570,real
1358,680,real
1358,760,real
1358,450,real
1359,250,real
1359,980,real
1359,290,real
1359,150,real
1360,720,real
1360,970,real
1361,740,real
1361,860,real
1361,810,real
1361,850,real
1362,240,real
1362,1060,real
1362,680,real
1362,940,real
1362,1030,real
1363,1030,real
1363,470,real
1363,550,real
1363,750,real
1363,580,real
1364,310,real
1364,760,real
1364,570,real
1365,320,real
1365,740,real
1365,840,real
1365,1090,real
1365,620,real
1366,390,real
1366,1030,real
1366,800,real
1366,530,real
1366,630,real
1367,840,real
1368,870,real
1368,570,real
1368,650,real
1368,350,real
1369,860,real
1369,960,real
1369,550,real
1370,880,real
1370,660,real
1370,480,real
1370,630,real
1370,620,real
1371,590,real
1371,440,real
1371,290,real
1371,260,real
1371,820,real
1372,310,real
1373,520,real
1373,160,real
1373,390,real
1373,610,real
1374,930,real
1374,680,real
1375,560,real
1375,590,real
1375,100,real
1375,500,real
1376,470,real
1376,870,real
1376,1050,real
1377,100,real
1377,190,real
1377,790,real
1377,780,real
1377,390,real
1378,560,real
1378,690,real
1378,960,real
1378,230,real
1378,780,real
1379,860,real
1379,100,real
1379,400,real
1379,220,real
1379,750,real
1380,850,real
1381,490,real
1381,200,real
1382,950,real
1383,850,real
1383,270,real
1383,740,real
1384,110,real
1384,200,real
1384,900,real
1384,290,real
1384,360,real
1385,310,real
1385,160,real
1385,200,real
1386,520,real
1386,1060,real
1386,840,real
1387,540,real
1387,570,real
1387,160,real
1387,260,real
1387,1030,real
1388,140,real
1388,860,real
1389,270,real
1390,140,real
1390,590,real
1390,960,real
1390,850,real
1391,330,real
1391,110,real
1391,740,real
1391,580,real
1392,690,real
1393,370,real
1394,580,real
1395,760,real
1396,110,real
1396,710,real
1397,480,real
1397,740,real
1397,210,real
1397,780,real
1397,120,real
1398,310,real
1398,370,real
1398,470,real
1398,300,real
1399,520,real
1399,1090,real
1399,100,real
1399,650,real
1399,320,real
1400,560,real
1401,540,real
1401,880,real
1401,300,real
1401,750,real
1402,390,real
1402,250,real
1402,800,real
1402,990,real
1402,530,real
1403,1030,real
1403,110,real
1404,100,real
1404,350,real
1405,310,real
1405,440,real
1405,370,real
1405,570,real
1405,1010,real
1406,250,real
1407,250,real
1408,490,real
1408,970,real
1408,950,real
1408,520,real
1409,650,real
1409,710,real
1410,110,real
1410,690,real
1411,1010,real
1411,250,real
1412,540,real
1413,820,real
1413,310,real
1413,790,real
1414,370,real
1414,220,real
1414,300,real
1414,1000,real
1414,850,real
1415,930,real
1416,1000,real
1417,120,real
1417,730,real
1417,460,real
1417,510,real
1418,540,real
1418,390,real
1418,360,real
1418,160,real
1419,1090,real
1419,940,real
1420,920,real
1420,970,real
1420,740,real
1420,600,real
1420,360,real
1421,700,real
1421,560,real
1421,520,real
1421,380,real
1422,390,real
1422,610,real
1423,720,real
1423,650,real
1424,490,real
1424,920,real
1424,110,real
1425,460,real
1425,680,real
1425,650,real
1425,730,real
1426,610,real
1427,120,real
1427,730,real
1427,1050,real
1427,240,real
1427,690,real
1428,860,real
1429,350,real
1429,930,real
1429,770,real
1429,450,real
1429,800,real
1430,190,real
1430,680,real
1430,320,real
1430,860,real
1430,440,real
1431,880,real
1431,590,real
1431,210,real
1431,160,real
1432,450,real
1432,230,real
1432,1030,real
1432,1090,real
1433,950,real
1434,800,real
1434,1080,real
1434,880,real
1434,320,real
1434,900,real
1435,320,simulated
1436,1080,simulated
1436,230,simulated
1436,490,simulated
1437,820,simulated
1437,410,simulated
1437,1070,simulated
1437,960,simulated
1438,320,simulated
1438,780,simulated
1438,720,simulated
1439,420,simulated
1439,310,simulated
1439,110,simulated
1439,430,simulated
1440,170,simulated
1440,110,simulated
1441,630,simulated
1441,850,simulated
1441,760,simulated
1441,110,simulated
1442,190,simulated
1442,940,simulated
1442,860,simulated
1442,230,simulated
1442,950,simulated
1443,530,simulated
1444,1000,simulated
1444,910,simulated
1445,610,simulated
1445,570,simulated
1445,300,simulated
1446,310,simulated
1446,890,simulated
1447,390,simulated
1447,480,simulated
1447,850,simulated
1448,430,simulated
1448,1040,simulated
1448,530,simulated
1449,390,simulated
1449,910,simulated
1449,320,simulated
1450,260,simulated
1450,610,simulated
1451,850,simulated
1451,720,simulated
1452,530,simulated
1452,860,simulated
1452,550,simulated
1453,880,simulated
1454,980,simulated
1454,530,simulated
1455,970,simulated
1455,800,simulated
1455,520,simulated
1455,390,simulated
1456,810,simulated
1456,200,simulated
1456,450,simulated
1456,1090,simulated
1456,780,simulated
1457,780,simulated
1457,500,simulated
1457,540,simulated
1457,860,simulated
1458,520,simulated
1458,980,simulated
1458,280,simulated
1458,360,simulated
1458,700,simulated
1459,160,simulated
1459,400,simulated
1459,800,simulated
1459,980,simulated
1459,370,simulated
1460,340,simulated
1460,1050,simulated
1460,980,simulated
1461,300,simulated
1461,320,simulated
1461,570,simulated
1461,400,simulated
1462,340,simulated
1463,110,simulated
1463,1090,simulated
1463,200,simulated
1464,370,simulated
1465,460,simulated
1465,110,simulated
1465,290,simulated
1465,970,simulated
1465,1010,simulated
1466,830,simulated
1466,610,simulated
1467,350,simulated
1467,770,simulated
1467,880,simulated
1467,490,simulated
1468,810,simulated
1469,470,simulated
1469,850,simulated
1469,430,simulated
1469,320,simulated
1469,1080,simulated
1470,610,simulated
1470,1060,simulated
1470,770,simulated
1470,410,simulated
1471,510,simulated
1472,720,simulated
1473,320,simulated
1473,490,simulated
1473,600,simulated
1473,890,simulated
1473,140,simulated
1474,260,simulated
1474,140,simulated
1474,1060,simulated
1475,600,simulated
1475,1050,simulated
1476,560,simulated
1476,390,simulated
1477,990,simulated
1477,240,simulated
1478,640,simulated
1479,890,simulated
1479,780,simulated
1479,1030,simulated
1479,930,simulated
1479,110,simulated
1480,850,simulated
1480,900,simulated
1480,800,simulated
1480,760,simulated
1480,160,simulated
1481,1090,simulated
1482,120,simulated
1482,400,simulated
1482,1090,simulated
1483,850,simulated
1483,560,simulated
1483,820,simulated
1484,620,simulated
1484,450,simulated
1484,890,simulated
1484,290,simulated
1485,200,simulated
1485,830,simulated
1485,610,simulated
1485,980,simulated
1485,970,simulated
1486,520,simulated
1486,700,simulated
1486,750,simulated
1487,1040,simulated
1487,1030,simulated
1487,840,simulated
1487,810,simulated
1488,710,simulated
1488,130,simulated
1489,430,simulated
1489,480,simulated
1489,830,simulated
1489,550,simulated
1490,580,simulated
1491,910,simulated
1492,130,simulated
1492,870,simulated
1492,830,simulated
1493,350,simulated
1494,800,simulated
1495,460,simulated
1495,770,simulated
1496,450,simulated
1496,240,simulated
1496,1080,simulated
1497,1080,simulated
1497,480,simulated
1497,610,simulated
1497,1000,simulated
1498,560,simulated
1498,750,simulated
1498,920,simulated
1498,430,simulated
1498,320,simulated
1499,210,simulated
1500,400,simulated
1501,920,simulated
1501,950,simulated
1501,840,simulated
1501,170,simulated
1502,1090,simulated
1502,410,simulated
1502,630,simulated
1502,810,simulated
1503,650,simulated
1503,980,simulated
1503,120,simulated
1503,640,simulated
1504,960,simulated
1505,660,simulated
1506,860,simulated
1506,720,simulated
1506,600,simulated
1506,390,simulated
1507,370,simulated
1507,220,simulated
1508,930,simulated
1509,200,simulated
1509,350,simulated
1509,420,simulated
1509,1050,simulated
1510,270,simulated
1510,880,simulated
1510,950,simulated
1510,510,simulated
1510,410,simulated
1511,130,simulated
1511,570,simulated
1511,1040,simulated
1511,560,simulated
1511,740,simulated
1512,1080,simulated
1512,500,simulated
1512,220,simulated
1512,590,simulated
1513,430,simulated
1514,520,simulated
1514,590,simulated
1514,150,simulated
1514,800,simulated
1514,140,simulated
1515,770,simulated
1516,760,simulated
1517,350,simulated
1517,480,simulated
1518,770,simulated
1518,1040,simulated
1519,630,simulated
1519,960,simulated
1519,1060,simulated
1520,1020,simulated
1520,170,simulated
1521,360,simulated
1521,580,simulated
1521,260,simulated
1522,920,simulated
1523,670,simulated
1523,810,simulated
1523,430,simulated
1523,650,simulated
1523,970,simulated
1524,560,simulated
1524,120,simulated
1525,950,simulated
1525,960,simulated
1526,1030,simulated
1526,350,simulated
1527,1010,simulated
1527,520,simulated
1528,230,simulated
1528,950,simulated
1528,630,simulated
1528,840,simulated
1528,180,simulated
1529,350,simulated
1529,1070,simulated
1529,940,simulated
1530,590,simulated
1530,700,simulated
1530,850,simulated
1531,390,simulated
1531,490,simulated
1531,250,simulated
1531,1090,simulated
1531,810,simulated
1532,520,simulated
1533,830,simulated
1534,710,simulated
1534,540,simulated
1535,290,simulated
1535,990,simulated
1536,1000,simulated
1536,210,simulated
1536,680,simulated
1536,200,simulated
1536,510,simulated
1537,950,simulated
1538,750,simulated
1538,360,simulated
1539,520,simulated
1539,730,simulated
1539,180,simulated
1539,360,simulated
1539,200,simulated
1540,160,simulated
1541,660,simulated
1541,420,simulated
1541,290,simulated
1541,460,simulated
1541,900,simulated
1542,950,simulated
1542,900,simulated
1542,480,simulated
1542,750,simulated
1543,970,simulated
1543,200,simulated
1543,990,simulated
1543,320,simulated
1543,290,simulated
1544,150,simulated
1544,590,simulated
1545,500,simulated
1545,800,simulated
1545,600,simulated
1545,480,simulated
1546,240,simulated
1546,1060,simulated
1546,700,simulated
1546,370,simulated
1547,830,simulated
1548,430,simulated
1548,790,simulated
1548,230,simulated
1549,110,simulated
1549,680,simulated
1549,900,simulated
1549,360,simulated
1550,380,simulated
1550,870,simulated
1550,190,simulated
1550,1080,simulated
1550,810,simulated
1551,260,simulated
1551,340,simulated
1551,580,simulated
1551,970,simulated
1552,840,simulated
1552,780,simulated
1552,1030,simulated
1553,680,simulated
1553,540,simulated
1553,530,simulated
1553,360,simulated
1554,990,simulated
1554,340,simulated
1554,770,simulated
1554,750,simulated
1555,230,simulated
1555,530,simulated
1555,480,simulated
1555,400,simulated
1555,740,simulated
1556,670,simulated
1556,1050,simulated
1556,500,simulated
1557,1050,simulated
1557,360,simulated
1557,830,simulated
1557,370,simulated
1558,240,simulated
1558,500,simulated
1559,880,simulated
1560,870,simulated
1560,840,simulated
1560,340,simulated
1560,490,simulated
1560,900,simulated
1561,250,simulated
1561,200,simulated
1562,560,simulated
1562,300,simulated
1562,120,simulated
1562,530,simulated
1563,540,simulated
1563,580,simulated
1563,1010,simulated
1564,160,simulated
1564,650,simulated
1564,290,simulated
1564,330,simulated
1565,730,simulated
1565,860,simulated
1565,290,simulated
1566,1090,simulated
1566,990,simulated
1566,380,simulated
1566,1080,simulated
1567,380,simulated
1567,730,simulated
1567,390,simulated
1567,900,simulated
1567,1020,simulated
1568,360,simulated
1568,300,simulated
1568,840,simulated
1568,930,simulated
1568,810,simulated
1569,150,simulated
1569,270,simulated
1569,260,simulated
1569,340,simulated
1569,390,simulated
1570,250,simulated
1570,460,simulated
1570,260,simulated
1571,100,simulated
1571,1050,simulated
1572,150,simulated
1572,190,simulated
1572,330,simulated
1573,370,simulated
1574,860,simulated
1575,820,simulated
1575,890,simulated
1575,700,simulated
1575,720,simulated
1576,450,simulated
1576,870,simulated
1577,420,simulated
1577,1060,simulated
1577,150,simulated
1577,810,simulated
1577,440,simulated
1578,780,simulated
1579,930,simulated
1580,770,simulated
1580,280,simulated
1580,680,simulated
1581,780,simulated
1581,1040,simulated
1581,540,simulated
1581,100,simulated
1581,850,simulated
1582,410,simulated
1583,770,simulated
1584,1000,simulated
1585,630,simulated
1585,680,simulated
1585,400,simulated
1586,610,simulated
1586,880,simulated
1587,430,simulated
1587,590,simulated
1588,190,simulated
1589,950,simulated
1590,650,simulated
1591,180,simulated
1592,160,simulated
1592,580,simulated
1592,220,simulated
1593,270,simulated
1593,390,simulated
1593,350,simulated
1593,680,simulated
1594,1040,simulated
1595,690,simulated
1595,820,simulated
1595,470,simulated
1596,240,simulated
1596,790,simulated
1596,920,simulated
1596,400,simulated
1597,420,simulated
1597,670,simulated
1597,900,simulated
1598,1070,simulated
1598,570,simulated
1598,110,simulated
1599,930,simulated
1599,590,simulated
1600,460,simulated
1600,270,simulated
1600,120,simulated
1600,630,simulated
1600,760,simulated
1601,680,simulated
1602,790,simulated
1603,230,simulated
1603,490,simulated
1603,210,simulated
1604,850,simulated
1604,800,simulated
1604,110,simulated
1605,270,simulated
1605,390,simulated
1605,250,simulated
1606,430,simulated
1606,790,simulated
1606,260,simulated
1606,270,simulated
1607,640,simulated
1607,480,simulated
1607,460,simulated
1607,670,simulated
1608,450,simulated
1608,850,simulated
1608,420,simulated
1609,960,simulated
1609,1050,simulated
1609,650,simulated
1609,550,simulated
1609,780,simulated
1610,890,simulated
1610,260,simulated
1610,720,simulated
1610,280,simulated
1610,290,simulated
1611,160,simulated
1611,880,simulated
1611,200,simulated
1611,320,simulated
1611,1010,simulated
1612,980,simulated
1612,300,simulated
1612,180,simulated
1613,360,simulated
1613,160,simulated
1613,140,simulated
1614,560,simulated
1614,470,simulated
1614,600,simulated
1614,520,simulated
1614,310,simulated
1615,290,simulated
1615,200,simulated
1615,110,simulated
1615,520,simulated
1616,560,simulated
1617,560,simulated
1618,730,simulated
1618,600,simulated
1618,980,simulated
1618,400,simulated
1619,270,simulated
1619,220,simulated
1620,990,simulated
1620,360,simulated
1620,160,simulated
1620,450,simulated
1620,970,simulated
1621,950,simulated
1621,630,simulated
1622,960,simulated
1622,620,simulated
1622,810,simulated
1622,970,simulated
1623,730,simulated
1623,950,simulated
1623,640,simulated
1623,760,simulated
1624,470,simulated
1624,380,simulated
1624,600,simulated
1625,960,simulated
1625,920,simulated
1626,770,simulated
1627,220,simulated
1627,480,simulated
1627,980,simulated
1627,1090,simulated
1628,330,simulated
1628,130,simulated
1628,710,simulated
1629,150,simulated
1629,410,simulated
1629,730,simulated
1630,640,simulated
1630,500,simulated
1631,1030,simulated
1631,960,simulated
1631,360,simulated
1631,650,simulated
1632,530,simulated
1632,640,simulated
1632,100,simulated
1633,840,simulated
1633,390,simulated
1634,630,simulated
1634,930,simulated
1635,180,simulated
1635,560,simulated
1635,1080,simulated
1635,320,simulated
1636,300,simulated
1636,820,simulated
1636,170,simulated
1636,550,simulated
1637,500,simulated
1637,290,simulated
1637,880,simulated
1637,300,simulated
1638,730,simulated
1638,310,simulated
1638,430,simulated
1638,520,simulated
1638,470,simulated
1639,760,simulated
1639,680,simulated
1639,270,simulated
1639,610,simulated
1640,140,simulated
1641,520,simulated
1641,1050,simulated
1642,710,simulated
1643,1070,simulated
1643,800,simulated
1643,390,simulated
1643,690,simulated
1643,350,simulated
1644,910,simulated
1644,1050,simulated
1645,610,simulated
1645,310,simulated
1645,630,simulated
1645,170,simulated
1645,570,simulated
1646,300,simulated
1646,430,simulated
1646,190,simulated
1646,560,simulated
1646,670,simulated
1647,640,simulated
1648,990,simulated
1648,940,simulated
1649,870,simulated
1649,350,simulated
1649,110,simulated
1649,700,simulated
1649,770,simulated
1650,240,simulated
1651,170,simulated
1651,920,simulated
1651,220,simulated
1652,970,simulated
1652,650,simulated
1652,830,simulated
1652,570,simulated
1652,390,simulated
1653,270,simulated
1653,440,simulated
1654,460,simulated
1654,1020,simulated
1654,1050,simulated
1655,810,simulated
1656,890,simulated
1656,760,simulated
1656,370,simulated
1657,810,simulated
1658,890,simulated
1659,810,simulated
1659,930,simulated
1659,820,simulated
1659,270,simulated
1660,1010,simulated
1660,1080,simulated
1660,450,simulated
1660,420,simulated
1660,470,simulated
1661,260,simulated
1661,1050,simulated
1661,980,simulated
1661,370,simulated
1662,900,simulated
1662,690,simulated
1662,490,simulated
1663,650,simulated
1663,790,simulated
1663,680,simulated
1663,260,simulated
1663,690,simulated
1664,630,simulated
1664,760,simulated
1664,240,simulated
1665,1080,simulated
1666,230,simulated
1666,1010,simulated
1666,410,simulated
1667,810,simulated
1667,850,simulated
1667,170,simulated
1667,1010,simulated
1668,120,simulated
1668,490,simulated
1669,780,simulated
1669,680,simulated
1669,640,simulated
1669,860,simulated
1669,730,simulated
1670,1060,simulated
1670,1030,simulated
1670,760,simulated
1670,680,simulated
1671,170,simulated
1671,670,simulated
1671,1050,simulated
1671,410,simulated
1672,130,simulated
1673,600,simulated
1673,130,simulated
1673,330,simulated
1673,740,simulated
1674,250,simulated
1674,770,simulated
1674,100,simulated
1674,630,simulated
1675,360,simulated
1675,1050,simulated
1675,340,simulated
1676,960,simulated
1677,620,simulated
1678,900,simulated
1678,750,simulated
1678,1030,simulated
1678,610,simulated
1679,440,simulated
1679,350,simulated
1679,340,simulated
1679,1070,simulated
1679,270,simulated
1680,650,simulated
1680,230,simulated
1680,310,simulated
1681,380,simulated
1681,740,simulated
1682,560,simulated
1682,970,simulated
1682,1060,simulated
1682,990,simulated
1682,350,simulated
1683,410,simulated
1683,440,simulated
1683,1040,simulated
1683,360,simulated
1684,550,simulated
1684,530,simulated
1684,490,simulated
1685,180,simulated
1685,410,simulated
1685,940,simulated
1686,130,simulated
1686,880,simulated
1687,710,simulated
1687,500,simulated
1687,1020,simulated
1687,630,simulated
1688,500,simulated
1688,410,simulated
1689,960,simulated
1689,810,simulated
1689,260,simulated
1689,110,simulated
1689,970,simulated
1690,450,simulated
1690,540,simulated
1690,130,simulated
1690,230,simulated
1691,670,simulated
1692,200,simulated
1692,880,simulated
1692,390,simulated
1693,620,simulated
1693,210,simulated
1693,150,simulated
1694,380,simulated
1695,770,simulated
1695,670,simulated
1695,320,simulated
1695,520,simulated
1695,940,simulated
1696,950,simulated
1696,140,simulated
1696,920,simulated
1696,460,simulated
1696,210,simulated
1697,1010,simulated
1697,640,simulated
1697,120,simulated
1697,760,simulated
1698,1070,simulated
1699,1060,simulated
1699,750,simulated
1699,620,simulated
1699,250,simulated
1700,240,simulated
1700,490,simulated
1700,1030,simulated
1701,430,simulated
1701,740,simulated
1702,830,simulated
1702,1000,simulated
1702,1040,simulated
1702,720,simulated
1703,1030,simulated
1704,770,simulated
1704,1050,simulated
1705,1030,simulated
1705,600,simulated
1705,310,simulated
1705,1000,simulated
1705,210,simulated
1706,670,simulated
1707,720,simulated
1707,980,simulated
1707,380,simulated
1708,950,simulated
1709,650,simulated
1709,780,simulated
1709,300,simulated
1709,340,simulated
1710,220,simulated
1710,650,simulated
1710,500,simulated
1710,470,simulated
1711,1070,simulated
1711,170,simulated
1711,150,simulated
1711,400,simulated
1711,450,simulated
1712,330,simulated
1713,650,simulated
1713,680,simulated
1713,1010,simulated
1713,300,simulated
1713,860,simulated
1714,780,simulated
1714,110,simulated
1714,820,simulated
1714,530,simulated
1714,230,simulated
1715,460,simulated
1715,160,simulated
1715,590,simulated
1715,1010,simulated
1715,340,simulated
1716,620,simulated
1716,800,simulated
1716,840,simulated
1716,220,simulated
1717,1010,simulated
1717,160,simulated
1717,590,simulated
1718,1080,simulated
1718,940,simulated
1719,510,simulated
1720,670,simulated
1720,420,simulated
1721,340,simulated
1721,470,simulated
1721,510,simulated
1721,620,simulated
1721,270,simulated
1722,150,simulated
1722,440,simulated
1723,1000,simulated
1723,280,simulated
1723,520,simulated
1724,600,simulated
1724,100,simulated
1725,410,simulated
1725,1090,simulated
1725,520,simulated
1726,810,simulated
1726,630,simulated
1727,320,simulated
1727,1030,simulated
1727,900,simulated
1727,850,simulated
1728,390,simulated
1728,630,simulated
1728,750,simulated
1728,920,simulated
1729,270,simulated
1730,730,simulated
1730,410,simulated
1731,620,simulated
1732,530,simulated
1732,480,simulated
1733,130,simulated
1734,520,simulated
1734,250,simulated
1735,950,simulated
1735,160,simulated
1736,640,simulated
1736,770,simulated
1736,120,simulated
1737,870,simulated
1737,300,simulated
1737,960,simulated
1737,390,simulated
1737,370,simulated
1738,790,simulated
1738,250,simulated
1739,1010,simulated
1740,310,simulated
1741,400,simulated
1741,860,simulated
1741,440,simulated
1742,300,simulated
1742,780,simulated
1743,480,simulated
1743,860,simulated
1743,640,simulated
1743,490,simulated
1743,690,simulated
1744,850,simulated
1744,830,simulated
1744,110,simulated
1745,580,simulated
1746,450,simulated
1746,840,simulated
1747,640,simulated
1747,770,simulated
1748,940,simulated
1748,630,simulated
1749,260,simulated
1749,940,simulated
1750,620,simulated
1751,710,simulated
1751,700,simulated
1752,970,simulated
1752,980,simulated
1752,170,simulated
1753,490,simulated
1753,210,simulated
1753,550,simulated
1753,830,simulated
1754,540,simulated
1754,530,simulated
1754,350,simulated
1754,770,simulated
1755,130,simulated
1755,800,simulated
1755,340,simulated
1755,590,simulated
1755,210,simulated
1756,620,simulated
1756,130,simulated
1756,160,simulated
1757,470,simulated
1757,880,simulated
1757,570,simulated
1757,500,simulated
1758,210,simulated
1758,980,simulated
1758,300,simulated
1758,960,simulated
1759,140,simulated
1760,480,simulated
1761,440,simulated
1761,470,simulated
1761,240,simulated
1761,640,simulated
1761,190,simulated
1762,800,simulated
1762,120,simulated
1762,910,simulated
1763,270,simulated
1764,740,simulated
1765,970,simulated
1765,1050,simulated
1766,1000,simulated
1766,170,simulated
1766,920,simulated
1766,680,simulated
1767,390,simulated
1768,390,simulated
1769,390,simulated
1769,810,simulated
1769,310,simulated
1769,490,simulated
1769,930,simulated
1770,250,simulated
1770,870,simulated
1771,420,simulated
1771,670,simulated
1771,220,simulated
1772,480,simulated
1772,1000,simulated
1772,1040,simulated
1773,190,simulated
1773,860,simulated
1773,350,simulated
1773,990,simulated
1774,310,simulated
1774,160,simulated
1774,450,simulated
1774,250,simulated
1775,210,simulated
1775,290,simulated
1775,1020,simulated
1775,420,simulated
1776,1040,simulated
1776,770,simulated
1776,420,simulated
1776,800,simulated
1777,720,simulated
1777,190,simulated
1777,630,simulated
1778,360,simulated
1778,780,simulated
1778,450,simulated
1778,890,simulated
1778,1020,simulated
1779,710,simulated
1780,900,simulated
1781,540,simulated
1781,190,simulated
1781,880,simulated
1781,790,simulated
1782,140,simulated
1782,1040,simulated
1783,750,simulated
1784,720,simulated
1784,320,simulated
1784,500,simulated
1785,700,simulated
1786,390,simulated
1786,1060,simulated
1786,790,simulated
1786,670,simulated
1786,890,simulated
1787,890,simulated
1787,500,simulated
1787,250,simulated
1787,320,simulated
1787,1010,simulated
1788,270,simulated
1788,310,simulated
1788,860,simulated
1788,400,simulated
1789,750,simulated
1789,330,simulated
1789,740,simulated
1789,790,simulated
1789,870,simulated
1790,530,simulated
1791,930,simulated
1791,500,simulated
1791,290,simulated
1792,100,simulated
1792,800,simulated
1792,520,simulated
1792,840,simulated
1793,140,simulated
1794,340,simulated
1794,300,simulated
1795,780,simulated
1795,720,simulated
1795,740,simulated
1795,880,simulated
1795,830,simulated
1796,420,simulated
1796,150,simulated
1797,140,simulated
1797,770,simulated
1798,640,simulated
1798,790,simulated
1798,500,simulated
1798,190,simulated
1798,1040,simulated
1799,340,simulated
1800,980,simulated
1800,910,simulated
1800,220,simulated
1800,110,simulated
1801,200,simulated
1801,270,simulated
1802,580,simulated
1802,950,simulated
1802,1070,simulated
1802,260,simulated
1802,590,simulated
1803,1090,simulated
1803,390,simulated
1804,1090,simulated
1805,340,simulated
1805,890,simulated
1805,510,simulated
1805,960,simulated
1805,150,simulated
1806,500,simulated
1806,220,simulated
1806,330,simulated
1806,540,simulated
1806,1080,simulated
1807,620,simulated
1808,560,simulated
1808,450,simulated
1808,890,simulated
1809,1090,simulated
1809,730,simulated
1810,440,simulated
1810,180,simulated
1810,870,simulated
1810,120,simulated
1811,180,simulated
1812,1020,simulated
1812,410,simulated
1812,830,simulated
1812,900,simulated
1812,760,simulated
1813,690,simulated
1813,280,simulated
1813,1020,simulated
1814,880,simulated
1815,850,simulated
1815,440,simulated
1815,980,simulated
1815,740,simulated
1816,440,simulated
1816,300,simulated
1816,450,simulated
1816,960,simulated
1817,440,simulated
1818,1000,simulated
1819,640,simulated
1819,300,simulated
1819,520,simulated
1819,890,simulated
1819,180,simulated
1820,230,simulated
1820,140,simulated
1821,1090,simulated
1821,860,simulated
1821,450,simulated
1822,560,simulated
1822,220,simulated
1822,930,simulated
1822,290,simulated
1823,580,simulated
1823,710,simulated
1823,390,simulated
1823,190,simulated
1823,420,simulated
1824,590,simulated
1824,1050,simulated
1824,330,simulated
1824,570,simulated
1824,850,simulated
1825,150,simulated
1825,1040,simulated
1825,980,simulated
1825,620,simulated
1826,980,simulated
1827,420,simulated
1827,270,simulated
1827,1040,simulated
1827,1090,simulated
1827,610,simulated
1828,680,simulated
1828,220,simulated
1829,480,simulated
1829,1000,simulated
1830,900,simulated
1831,190,simulated
1832,880,simulated
1832,210,simulated
1832,410,simulated
1832,230,simulated
1832,590,simulated
1833,590,simulated
1834,810,simulated
1834,610,simulated
1834,380,simulated
1834,910,simulated
1835,330,simulated
1835,120,simulated
1836,210,simulated
1836,830,simulated
1836,680,simulated
1836,260,simulated
1837,850,simulated
1837,220,simulated
1837,420,simulated
1837,1060,simulated
1838,470,simulated
1838,770,simulated
1839,500,simulated
1839,250,simulated
1839,430,simulated
1839,740,simulated
1839,1010,simulated
1840,1060,simulated
1841,850,simulated
1841,370,simulated
1841,710,simulated
1841,610,simulated
1841,730,simulated
1842,320,simulated
1842,190,simulated
1842,400,simulated
1842,540,simulated
1843,160,simulated
1843,660,simulated
1843,1060,simulated
1844,1040,simulated
1844,1070,simulated
1844,480,simulated
1845,470,simulated
1845,160,simulated
1845,290,simulated
1845,360,simulated
1846,880,simulated
1846,950,simulated
1846,570,simulated
1846,330,simulated
1846,850,simulated
1847,480,simulated
1847,1030,simulated
1847,210,simulated
1848,520,simulated
1848,490,simulated
1849,330,simulated
1849,840,simulated
1850,640,simulated
1850,1080,simulated
1851,1030,simulated
1851,740,simulated
1851,300,simulated
1851,340,simulated
1851,970,simulated
1852,330,simulated
1852,410,simulated
1853,520,simulated
1854,660,simulated
1854,390,simulated
1854,890,simulated
1854,400,simulated
1855,640,simulated
1855,970,simulated
1855,170,simulated
1856,1050,simulated
1856,450,simulated
1856,1020,simulated
1856,200,simulated
1857,810,simulated
1858,440,simulated
1858,1020,simulated
1859,1080,simulated
1859,730,simulated
1859,320,simulated
1859,570,simulated
1859,460,simulated
1860,320,simulated
1860,290,simulated
1860,820,simulated
1860,710,simulated
1860,950,simulated
1861,240,simulated
1861,320,simulated
1861,440,simulated
1862,1070,simulated
1862,750,simulated
1862,760,simulated
1862,670,simulated
1862,850,simulated
1863,370,simulated
1863,130,simulated
1863,610,simulated
1863,890,simulated
1863,910,simulated
1864,200,simulated
1864,800,simulated
1865,170,simulated
1865,510,simulated
1865,660,simulated
1865,630,simulated
1866,1070,simulated
1867,470,simulated
1867,380,simulated
1867,720,simulated
1867,750,simulated
1868,320,simulated
1868,730,simulated
1868,640,simulated
1868,380,simulated
1868,940,simulated
1869,370,simulated
1869,680,simulated
1869,920,simulated
1870,330,simulated
1870,670,simulated
1870,190,simulated
1870,770,simulated
1870,560,simulated
1871,1060,simulated
1872,710,simulated
1873,300,simulated
1873,580,simulated
1873,830,simulated
1873,260,simulated
1873,930,simulated
1874,330,simulated
1874,300,simulated
1874,1010,simulated
1875,110,simulated
1876,350,simulated
1876,590,simulated
1876,900,simulated
1877,480,simulated
1877,720,simulated
1878,450,simulated
1879,120,simulated
1879,950,simulated
1879,630,simulated
1879,310,simulated
1880,670,simulated
1880,400,simulated
1881,970,simulated
1881,840,simulated
1881,540,simulated
1881,710,simulated
1881,670,simulated
1882,920,simulated
1882,760,simulated
1882,620,simulated
1883,280,simulated
1883,900,simulated
1884,890,simulated
1884,700,simulated
1884,170,simulated
1885,530,simulated
1885,870,simulated
1886,130,simulated
1886,1080,simulated
1886,510,simulated
1887,190,simulated
1887,680,simulated
1888,660,simulated
1889,520,simulated
1889,680,simulated
1889,760,simulated
1889,730,simulated
1889,500,simulated
1890,470,simulated
1890,810,simulated
1891,920,simulated
1891,130,simulated
1891,1060,simulated
1891,520,simulated
1892,960,simulated
1892,860,simulated
1893,570,simulated
1894,560,simulated
1895,420,simulated
1895,1090,simulated
1895,870,simulated
1895,860,simulated
1896,740,simulated
1896,270,simulated
1896,910,simulated
1896,490,simulated
1896,280,simulated
1897,880,simulated
1897,670,simulated
1898,460,simulated
1898,400,simulated
1898,420,simulated
1898,1080,simulated
1899,620,simulated
1899,880,simulated
1900,850,simulated
1900,410,simulated
1900,790,simulated
1901,600,simulated
1901,820,simulated
1901,1090,simulated
1901,700,simulated
1902,310,simulated
1902,520,simulated
1903,970,simulated
1903,230,simulated
1903,960,simulated
1903,900,simulated
1904,570,simulated
1905,700,simulated
1905,390,simulated
1905,810,simulated
1906,580,simulated
1906,1080,simulated
1906,790,simulated
1907,470,simulated
1907,650,simulated
1907,190,simulated
1907,900,simulated
1907,710,simulated
1908,480,simulated
1908,630,simulated
1908,140,simulated
1908,230,simulated
1908,840,simulated
1909,520,simulated
1910,1080,simulated
1910,620,simulated
1910,100,simulated
1911,290,simulated
1911,350,simulated
1911,970,simulated
1912,490,simulated
1912,340,simulated
1912,570,simulated
1912,630,simulated
1913,950,simulated
1913,890,simulated
1913,340,simulated
1914,140,simulated
1914,630,simulated
1914,560,simulated
1914,480,simulated
1914,170,simulated
1915,590,simulated
1915,850,simulated
1916,690,simulated
1917,1070,simulated
1917,170,simulated
1917,870,simulated
1917,240,simulated
1917,400,simulated
1918,850,simulated
1918,890,simulated
1918,870,simulated
1918,240,simulated
1918,400,simulated
1919,520,simulated
1919,810,simulated
1920,150,simulated
1921,260,simulated
1921,1020,simulated
1921,1010,simulated
1922,640,simulated
1922,480,simulated
1923,920,simulated
1924,470,simulated
1924,980,simulated
1924,340,simulated
1924,400,simulated
1924,820,simulated
1925,190,simulated
1926,510,simulated
1926,660,simulated
1926,550,simulated
1926,970,simulated
1926,1020,simulated
1927,190,simulated
1927,370,simulated
1927,970,simulated
1927,470,simulated
1927,590,simulated
1928,490,simulated
1928,150,simulated
1929,100,simulated
1929,840,simulated
1929,540,simulated
1929,860,simulated
1930,440,simulated
1930,400,simulated
1930,820,simulated
1931,470,simulated
1932,820,simulated
1932,910,simulated
1932,710,simulated
1933,600,simulated
1933,870,simulated
1933,920,simulated
1934,930,simulated
1934,780,simulated
1934,1070,simulated
1935,930,simulated
1936,1050,simulated
1937,360,simulated
1938,850,simulated
1938,550,simulated
1938,800,simulated
1938,1050,simulated
1938,450,simulated
1939,680,simulated
1939,890,simulated
1939,490,simulated
1940,1040,simulated
1940,520,simulated
1940,950,simulated
1941,700,simulated
1941,540,simulated
1941,750,simulated
1942,1020,simulated
1942,480,simulated
1942,100,simulated
1943,830,simulated
1943,290,simulated
1943,940,simulated
1943,490,simulated
1943,900,simulated
1944,280,simulated
1945,440,simulated
1945,910,simulated
1946,430,simulated
1946,500,simulated
1946,260,simulated
1947,590,simulated
1947,570,simulated
1948,460,simulated
1948,1060,simulated
1948,1090,simulated
1949,550,simulated
1950,290,simulated
1950,420,simulated
1950,790,simulated
1950,830,simulated
1951,200,simulated
1951,970,simulated
1952,390,simulated
1952,420,simulated
1952,560,simulated
1953,280,simulated
1953,530,simulated
1953,220,simulated
1954,840,simulated
1954,150,simulated
1954,990,simulated
1955,1050,simulated
1955,1090,simulated
1955,870,simulated
1955,340,simulated
1956,510,simulated
1956,620,simulated
1957,960,simulated
1957,640,simulated
1957,610,simulated
1957,770,simulated
1958,230,simulated
1959,410,simulated
1959,330,simulated
1959,570,simulated
1959,790,simulated
1959,770,simulated
1960,930,simulated
1960,800,simulated
1960,570,simulated
1960,470,simulated
1961,900,simulated
1962,130,simulated
1962,760,simulated
1963,330,simulated
1963,1040,simulated
1964,230,simulated
1965,570,simulated
1966,1010,simulated
1966,500,simulated
1966,110,simulated
1966,730,simulated
1966,770,simulated
1967,910,simulated
1967,570,simulated
1967,180,simulated
1968,150,simulated
1969,180,simulated
1970,1060,simulated
1970,1010,simulated
1970,1070,simulated
1970,830,simulated
1971,780,simulated
1971,660,simulated
1971,580,simulated
1971,990,simulated
1972,240,simulated
1973,880,simulated
1973,290,simulated
1974,260,simulated
1974,420,simulated
1974,760,simulated
1974,290,simulated
1975,150,simulated
1975,670,simulated
1976,950,simulated
1976,270,simulated
1976,360,simulated
1976,800,simulated
1976,190,simulated
1977,350,simulated
1977,640,simulated
1977,920,simulated
1977,940,simulated
1977,950,simulated
1978,660,simulated
1979,650,simulated
1979,550,simulated
1980,270,simulated
1980,670,simulated
1981,480,simulated
1981,1010,simulated
1981,470,simulated
1982,530,simulated
1982,700,simulated
1982,610,simulated
1982,270,simulated
1983,940,simulated
1983,560,simulated
1983,530,simulated
1983,130,simulated
1983,990,simulated
1984,480,simulated
1985,340,simulated
